filename,sentence_id
a_0.png,a_0
a_1.png,a_1
a_2.png,a_2
a_3.png,a_3
a_4.png,a_4
a_5.png,a_5
a_6.png,a_6
a_7.png,a_7
a_8.png,a_8
a_9.png,a_9
a_10.png,a_10
a_11.png,a_11
a_12.png,a_12
a_13.png,a_13
a_14.png,a_14
a_15.png,a_15
a_16.png,a_16
a_17.png,a_17
a_18.png,a_18
a_19.png,a_19
a_20.png,a_20
a_21.png,a_21
a_22.png,a_22
a_23.png,a_23
a_24.png,a_24
a_25.png,a_25
a_26.png,a_26
a_27.png,a_27
a_28.png,a_28
a_29.png,a_29
a_30.png,a_30
a_31.png,a_31
a_32.png,a_32
a_33.png,a_33
a_34.png,a_34
a_35.png,a_35
a_36.png,a_36
a_37.png,a_37
a_38.png,a_38
a_39.png,a_39
a_40.png,a_40
a_41.png,a_41
a_42.png,a_42
a_43.png,a_43
a_44.png,a_44
a_45.png,a_45
a_46.png,a_46
a_47.png,a_47
a_48.png,a_48
a_49.png,a_49
a_50.png,a_50
a_51.png,a_51
a_52.png,a_52
a_53.png,a_53
a_54.png,a_54
a_55.png,a_55
a_56.png,a_56
a_57.png,a_57
a_58.png,a_58
a_59.png,a_59
a_60.png,a_60
a_61.png,a_61
a_62.png,a_62
a_63.png,a_63
a_64.png,a_64
a_65.png,a_65
a_66.png,a_66
a_67.png,a_67
a_68.png,a_68
a_69.png,a_69
a_70.png,a_70
a_71.png,a_71
a_72.png,a_72
a_73.png,a_73
a_74.png,a_74
a_75.png,a_75
a_76.png,a_76
a_77.png,a_77
a_78.png,a_78
a_79.png,a_79
a_80.png,a_80
a_81.png,a_81
a_82.png,a_82
a_83.png,a_83
a_84.png,a_84
a_85.png,a_85
a_86.png,a_86
a_87.png,a_87
a_88.png,a_88
a_89.png,a_89
a_90.png,a_90
a_91.png,a_91
a_92.png,a_92
a_93.png,a_93
a_94.png,a_94
a_95.png,a_95
a_96.png,a_96
a_97.png,a_97
a_98.png,a_98
a_99.png,a_99
a_100.png,a_100
a_101.png,a_101
a_102.png,a_102
a_103.png,a_103
a_104.png,a_104
a_105.png,a_105
a_106.png,a_106
a_107.png,a_107
a_108.png,a_108
a_109.png,a_109
a_110.png,a_110
a_111.png,a_111
a_112.png,a_112
a_113.png,a_113
a_114.png,a_114
a_115.png,a_115
a_116.png,a_116
a_117.png,a_117
a_118.png,a_118
a_119.png,a_119
a_120.png,a_120
a_121.png,a_121
a_122.png,a_122
a_123.png,a_123
a_124.png,a_124
a_125.png,a_125
a_126.png,a_126
a_127.png,a_127
a_128.png,a_128
a_129.png,a_129
a_130.png,a_130
a_131.png,a_131
a_132.png,a_132
a_133.png,a_133
a_134.png,a_134
a_135.png,a_135
a_136.png,a_136
a_137.png,a_137
a_138.png,a_138
a_139.png,a_139
a_140.png,a_140
a_141.png,a_141
a_142.png,a_142
a_143.png,a_143
a_144.png,a_144
a_145.png,a_145
a_146.png,a_146
a_147.png,a_147
a_148.png,a_148
a_149.png,a_149
a_150.png,a_150
a_151.png,a_151
a_152.png,a_152
a_153.png,a_153
a_154.png,a_154
a_155.png,a_155
a_156.png,a_156
a_157.png,a_157
a_158.png,a_158
a_159.png,a_159
a_160.png,a_160
a_161.png,a_161
a_162.png,a_162
a_163.png,a_163
a_164.png,a_164
a_165.png,a_165
a_166.png,a_166
a_167.png,a_167
a_168.png,a_168
a_169.png,a_169
a_170.png,a_170
a_171.png,a_171
a_172.png,a_172
a_173.png,a_173
a_174.png,a_174
a_175.png,a_175
a_176.png,a_176
a_177.png,a_177
a_178.png,a_178
a_179.png,a_179
a_180.png,a_180
a_181.png,a_181
a_182.png,a_182
a_183.png,a_183
a_184.png,a_184
a_185.png,a_185
a_186.png,a_186
a_187.png,a_187
a_188.png,a_188
a_189.png,a_189
a_190.png,a_190
a_191.png,a_191
a_192.png,a_192
a_193.png,a_193
a_194.png,a_194
a_195.png,a_195
a_196.png,a_196
a_197.png,a_197
a_198.png,a_198
a_199.png,a_199
a_200.png,a_200
a_201.png,a_201
a_202.png,a_202
a_203.png,a_203
a_204.png,a_204
a_205.png,a_205
a_206.png,a_206
a_207.png,a_207
a_208.png,a_208
a_209.png,a_209
a_210.png,a_210
a_211.png,a_211
a_212.png,a_212
a_213.png,a_213
a_214.png,a_214
a_215.png,a_215
a_216.png,a_216
a_217.png,a_217
a_218.png,a_218
a_219.png,a_219
a_220.png,a_220
a_221.png,a_221
a_222.png,a_222
a_223.png,a_223
a_224.png,a_224
a_225.png,a_225
a_226.png,a_226
a_227.png,a_227
a_228.png,a_228
a_229.png,a_229
a_230.png,a_230
a_231.png,a_231
a_232.png,a_232
a_233.png,a_233
a_234.png,a_234
a_235.png,a_235
a_236.png,a_236
a_237.png,a_237
a_238.png,a_238
a_239.png,a_239
a_240.png,a_240
a_241.png,a_241
a_242.png,a_242
a_243.png,a_243
a_244.png,a_244
a_245.png,a_245
a_246.png,a_246
a_247.png,a_247
a_248.png,a_248
a_249.png,a_249
a_250.png,a_250
a_251.png,a_251
a_252.png,a_252
a_253.png,a_253
a_254.png,a_254
a_255.png,a_255
a_256.png,a_256
a_257.png,a_257
a_258.png,a_258
a_259.png,a_259
a_260.png,a_260
a_261.png,a_261
a_262.png,a_262
a_263.png,a_263
a_264.png,a_264
a_265.png,a_265
a_266.png,a_266
a_267.png,a_267
a_268.png,a_268
a_269.png,a_269
a_270.png,a_270
a_271.png,a_271
a_272.png,a_272
a_273.png,a_273
a_274.png,a_274
a_275.png,a_275
a_276.png,a_276
a_277.png,a_277
a_278.png,a_278
a_279.png,a_279
a_280.png,a_280
a_281.png,a_281
a_282.png,a_282
a_283.png,a_283
a_284.png,a_284
a_285.png,a_285
a_286.png,a_286
a_287.png,a_287
a_288.png,a_288
a_289.png,a_289
a_290.png,a_290
a_291.png,a_291
a_292.png,a_292
a_293.png,a_293
a_294.png,a_294
a_295.png,a_295
a_296.png,a_296
a_297.png,a_297
a_298.png,a_298
a_299.png,a_299
a_300.png,a_300
a_301.png,a_301
a_302.png,a_302
a_303.png,a_303
a_304.png,a_304
a_305.png,a_305
a_306.png,a_306
a_307.png,a_307
a_308.png,a_308
a_309.png,a_309
a_310.png,a_310
a_311.png,a_311
a_312.png,a_312
a_313.png,a_313
a_314.png,a_314
a_315.png,a_315
a_316.png,a_316
a_317.png,a_317
a_318.png,a_318
a_319.png,a_319
a_320.png,a_320
a_321.png,a_321
a_322.png,a_322
a_323.png,a_323
a_324.png,a_324
a_325.png,a_325
a_326.png,a_326
a_327.png,a_327
a_328.png,a_328
a_329.png,a_329
a_330.png,a_330
a_331.png,a_331
a_332.png,a_332
a_333.png,a_333
a_334.png,a_334
a_335.png,a_335
a_336.png,a_336
a_337.png,a_337
a_338.png,a_338
a_339.png,a_339
a_340.png,a_340
a_341.png,a_341
a_342.png,a_342
a_343.png,a_343
a_344.png,a_344
a_345.png,a_345
a_346.png,a_346
a_347.png,a_347
a_348.png,a_348
a_349.png,a_349
a_350.png,a_350
a_351.png,a_351
a_352.png,a_352
a_353.png,a_353
a_354.png,a_354
a_355.png,a_355
a_356.png,a_356
a_357.png,a_357
a_358.png,a_358
a_359.png,a_359
a_360.png,a_360
a_361.png,a_361
a_362.png,a_362
a_363.png,a_363
a_364.png,a_364
a_365.png,a_365
a_366.png,a_366
a_367.png,a_367
a_368.png,a_368
a_369.png,a_369
a_370.png,a_370
a_371.png,a_371
a_372.png,a_372
a_373.png,a_373
a_374.png,a_374
a_375.png,a_375
a_376.png,a_376
a_377.png,a_377
a_378.png,a_378
a_379.png,a_379
a_380.png,a_380
a_381.png,a_381
a_382.png,a_382
a_383.png,a_383
a_384.png,a_384
a_385.png,a_385
a_386.png,a_386
a_387.png,a_387
a_388.png,a_388
a_389.png,a_389
a_390.png,a_390
a_391.png,a_391
a_392.png,a_392
a_393.png,a_393
a_394.png,a_394
a_395.png,a_395
a_396.png,a_396
a_397.png,a_397
a_398.png,a_398
a_399.png,a_399
a_400.png,a_400
a_401.png,a_401
a_402.png,a_402
a_403.png,a_403
a_404.png,a_404
a_405.png,a_405
a_406.png,a_406
a_407.png,a_407
a_408.png,a_408
a_409.png,a_409
a_410.png,a_410
a_411.png,a_411
a_412.png,a_412
a_413.png,a_413
a_414.png,a_414
a_415.png,a_415
a_416.png,a_416
a_417.png,a_417
a_418.png,a_418
a_419.png,a_419
a_420.png,a_420
a_421.png,a_421
a_422.png,a_422
a_423.png,a_423
a_424.png,a_424
a_425.png,a_425
a_426.png,a_426
a_427.png,a_427
a_428.png,a_428
a_429.png,a_429
a_430.png,a_430
a_431.png,a_431
a_432.png,a_432
a_433.png,a_433
a_434.png,a_434
a_435.png,a_435
a_436.png,a_436
a_437.png,a_437
a_438.png,a_438
a_439.png,a_439
a_440.png,a_440
a_441.png,a_441
a_442.png,a_442
a_443.png,a_443
a_444.png,a_444
a_445.png,a_445
a_446.png,a_446
a_447.png,a_447
a_448.png,a_448
a_449.png,a_449
a_450.png,a_450
a_451.png,a_451
a_452.png,a_452
a_453.png,a_453
a_454.png,a_454
a_455.png,a_455
a_456.png,a_456
a_457.png,a_457
a_458.png,a_458
a_459.png,a_459
a_460.png,a_460
a_461.png,a_461
a_462.png,a_462
a_463.png,a_463
a_464.png,a_464
a_465.png,a_465
a_466.png,a_466
a_467.png,a_467
a_468.png,a_468
a_469.png,a_469
a_470.png,a_470
a_471.png,a_471
a_472.png,a_472
a_473.png,a_473
a_474.png,a_474
a_475.png,a_475
a_476.png,a_476
a_477.png,a_477
a_478.png,a_478
a_479.png,a_479
a_480.png,a_480
a_481.png,a_481
a_482.png,a_482
a_483.png,a_483
a_484.png,a_484
a_485.png,a_485
a_486.png,a_486
a_487.png,a_487
a_488.png,a_488
a_489.png,a_489
a_490.png,a_490
a_491.png,a_491
a_492.png,a_492
a_493.png,a_493
a_494.png,a_494
a_495.png,a_495
a_496.png,a_496
a_497.png,a_497
a_498.png,a_498
a_499.png,a_499
a_500.png,a_500
a_501.png,a_501
a_502.png,a_502
a_503.png,a_503
a_504.png,a_504
a_505.png,a_505
a_506.png,a_506
a_507.png,a_507
a_508.png,a_508
a_509.png,a_509
a_510.png,a_510
a_511.png,a_511
a_512.png,a_512
a_513.png,a_513
a_514.png,a_514
a_515.png,a_515
a_516.png,a_516
a_517.png,a_517
a_518.png,a_518
a_519.png,a_519
a_520.png,a_520
a_521.png,a_521
a_522.png,a_522
a_523.png,a_523
a_524.png,a_524
a_525.png,a_525
a_526.png,a_526
a_527.png,a_527
a_528.png,a_528
a_529.png,a_529
a_530.png,a_530
a_531.png,a_531
a_532.png,a_532
a_533.png,a_533
a_534.png,a_534
a_535.png,a_535
a_536.png,a_536
a_537.png,a_537
a_538.png,a_538
a_539.png,a_539
a_540.png,a_540
a_541.png,a_541
a_542.png,a_542
a_543.png,a_543
a_544.png,a_544
a_545.png,a_545
a_546.png,a_546
a_547.png,a_547
a_548.png,a_548
a_549.png,a_549
a_550.png,a_550
a_551.png,a_551
a_552.png,a_552
a_553.png,a_553
a_554.png,a_554
a_555.png,a_555
a_556.png,a_556
a_557.png,a_557
a_558.png,a_558
a_559.png,a_559
a_560.png,a_560
a_561.png,a_561
a_562.png,a_562
a_563.png,a_563
a_564.png,a_564
a_565.png,a_565
a_566.png,a_566
a_567.png,a_567
a_568.png,a_568
a_569.png,a_569
a_570.png,a_570
a_571.png,a_571
a_572.png,a_572
a_573.png,a_573
a_574.png,a_574
a_575.png,a_575
a_576.png,a_576
a_577.png,a_577
a_578.png,a_578
a_579.png,a_579
a_580.png,a_580
a_581.png,a_581
a_582.png,a_582
a_583.png,a_583
a_584.png,a_584
a_585.png,a_585
a_586.png,a_586
a_587.png,a_587
a_588.png,a_588
a_589.png,a_589
a_590.png,a_590
a_591.png,a_591
a_592.png,a_592
a_593.png,a_593
a_594.png,a_594
a_595.png,a_595
a_596.png,a_596
a_597.png,a_597
a_598.png,a_598
a_599.png,a_599
a_600.png,a_600
a_601.png,a_601
a_602.png,a_602
a_603.png,a_603
a_604.png,a_604
a_605.png,a_605
a_606.png,a_606
a_607.png,a_607
a_608.png,a_608
a_609.png,a_609
a_610.png,a_610
a_611.png,a_611
a_612.png,a_612
a_613.png,a_613
a_614.png,a_614
a_615.png,a_615
a_616.png,a_616
a_617.png,a_617
a_618.png,a_618
a_619.png,a_619
a_620.png,a_620
a_621.png,a_621
a_622.png,a_622
a_623.png,a_623
a_624.png,a_624
a_625.png,a_625
a_626.png,a_626
a_627.png,a_627
a_628.png,a_628
a_629.png,a_629
a_630.png,a_630
a_631.png,a_631
a_632.png,a_632
a_633.png,a_633
a_634.png,a_634
a_635.png,a_635
a_636.png,a_636
a_637.png,a_637
a_638.png,a_638
a_639.png,a_639
a_640.png,a_640
a_641.png,a_641
a_642.png,a_642
a_643.png,a_643
a_644.png,a_644
a_645.png,a_645
a_646.png,a_646
a_647.png,a_647
a_648.png,a_648
a_649.png,a_649
a_650.png,a_650
a_651.png,a_651
a_652.png,a_652
a_653.png,a_653
a_654.png,a_654
a_655.png,a_655
a_656.png,a_656
a_657.png,a_657
a_658.png,a_658
a_659.png,a_659
a_660.png,a_660
a_661.png,a_661
a_662.png,a_662
a_663.png,a_663
a_664.png,a_664
a_665.png,a_665
a_666.png,a_666
a_667.png,a_667
a_668.png,a_668
a_669.png,a_669
a_670.png,a_670
a_671.png,a_671
a_672.png,a_672
a_673.png,a_673
a_674.png,a_674
a_675.png,a_675
a_676.png,a_676
a_677.png,a_677
a_678.png,a_678
a_679.png,a_679
a_680.png,a_680
a_681.png,a_681
a_682.png,a_682
a_683.png,a_683
a_684.png,a_684
a_685.png,a_685
a_686.png,a_686
a_687.png,a_687
a_688.png,a_688
a_689.png,a_689
a_690.png,a_690
a_691.png,a_691
a_692.png,a_692
a_693.png,a_693
a_694.png,a_694
a_695.png,a_695
a_696.png,a_696
a_697.png,a_697
a_698.png,a_698
a_699.png,a_699
a_700.png,a_700
a_701.png,a_701
a_702.png,a_702
a_703.png,a_703
a_704.png,a_704
a_705.png,a_705
a_706.png,a_706
a_707.png,a_707
a_708.png,a_708
a_709.png,a_709
a_710.png,a_710
a_711.png,a_711
a_712.png,a_712
a_713.png,a_713
a_714.png,a_714
a_715.png,a_715
a_716.png,a_716
a_717.png,a_717
a_718.png,a_718
a_719.png,a_719
a_720.png,a_720
a_721.png,a_721
a_722.png,a_722
a_723.png,a_723
a_724.png,a_724
a_725.png,a_725
a_726.png,a_726
a_727.png,a_727
a_728.png,a_728
a_729.png,a_729
a_730.png,a_730
a_731.png,a_731
a_732.png,a_732
a_733.png,a_733
a_734.png,a_734
a_735.png,a_735
a_736.png,a_736
a_737.png,a_737
a_738.png,a_738
a_739.png,a_739
a_740.png,a_740
a_741.png,a_741
a_742.png,a_742
a_743.png,a_743
a_744.png,a_744
a_745.png,a_745
a_746.png,a_746
a_747.png,a_747
a_748.png,a_748
a_749.png,a_749
a_750.png,a_750
a_751.png,a_751
a_752.png,a_752
a_753.png,a_753
a_754.png,a_754
a_755.png,a_755
a_756.png,a_756
a_757.png,a_757
a_758.png,a_758
a_759.png,a_759
a_760.png,a_760
a_761.png,a_761
a_762.png,a_762
a_763.png,a_763
a_764.png,a_764
a_765.png,a_765
a_766.png,a_766
a_767.png,a_767
a_768.png,a_768
a_769.png,a_769
a_770.png,a_770
a_771.png,a_771
a_772.png,a_772
a_773.png,a_773
a_774.png,a_774
a_775.png,a_775
a_776.png,a_776
a_777.png,a_777
a_778.png,a_778
a_779.png,a_779
a_780.png,a_780
a_781.png,a_781
a_782.png,a_782
a_783.png,a_783
a_784.png,a_784
a_785.png,a_785
a_786.png,a_786
a_787.png,a_787
a_788.png,a_788
a_789.png,a_789
a_790.png,a_790
a_791.png,a_791
a_792.png,a_792
a_793.png,a_793
a_794.png,a_794
a_795.png,a_795
a_796.png,a_796
a_797.png,a_797
a_798.png,a_798
a_799.png,a_799
a_800.png,a_800
a_801.png,a_801
a_802.png,a_802
a_803.png,a_803
a_804.png,a_804
a_805.png,a_805
a_806.png,a_806
a_807.png,a_807
a_808.png,a_808
a_809.png,a_809
a_810.png,a_810
a_811.png,a_811
a_812.png,a_812
a_813.png,a_813
a_814.png,a_814
a_815.png,a_815
a_816.png,a_816
a_817.png,a_817
a_818.png,a_818
a_819.png,a_819
a_820.png,a_820
a_821.png,a_821
a_822.png,a_822
a_823.png,a_823
a_824.png,a_824
a_825.png,a_825
a_826.png,a_826
a_827.png,a_827
a_828.png,a_828
a_829.png,a_829
a_830.png,a_830
a_831.png,a_831
a_832.png,a_832
a_833.png,a_833
a_834.png,a_834
a_835.png,a_835
a_836.png,a_836
a_837.png,a_837
a_838.png,a_838
a_839.png,a_839
a_840.png,a_840
a_841.png,a_841
a_842.png,a_842
a_843.png,a_843
a_844.png,a_844
a_845.png,a_845
a_846.png,a_846
a_847.png,a_847
a_848.png,a_848
a_849.png,a_849
a_850.png,a_850
a_851.png,a_851
a_852.png,a_852
a_853.png,a_853
a_854.png,a_854
a_855.png,a_855
a_856.png,a_856
a_857.png,a_857
a_858.png,a_858
a_859.png,a_859
a_860.png,a_860
a_861.png,a_861
a_862.png,a_862
a_863.png,a_863
a_864.png,a_864
a_865.png,a_865
a_866.png,a_866
a_867.png,a_867
a_868.png,a_868
a_869.png,a_869
a_870.png,a_870
a_871.png,a_871
a_872.png,a_872
a_873.png,a_873
a_874.png,a_874
a_875.png,a_875
a_876.png,a_876
a_877.png,a_877
a_878.png,a_878
a_879.png,a_879
a_880.png,a_880
a_881.png,a_881
a_882.png,a_882
a_883.png,a_883
a_884.png,a_884
a_885.png,a_885
a_886.png,a_886
a_887.png,a_887
a_888.png,a_888
a_889.png,a_889
a_890.png,a_890
a_891.png,a_891
a_892.png,a_892
a_893.png,a_893
a_894.png,a_894
a_895.png,a_895
a_896.png,a_896
a_897.png,a_897
a_898.png,a_898
a_899.png,a_899
a_900.png,a_900
a_901.png,a_901
a_902.png,a_902
a_903.png,a_903
a_904.png,a_904
a_905.png,a_905
a_906.png,a_906
a_907.png,a_907
a_908.png,a_908
a_909.png,a_909
a_910.png,a_910
a_911.png,a_911
a_912.png,a_912
a_913.png,a_913
a_914.png,a_914
a_915.png,a_915
a_916.png,a_916
a_917.png,a_917
a_918.png,a_918
a_919.png,a_919
a_920.png,a_920
a_921.png,a_921
a_922.png,a_922
a_923.png,a_923
a_924.png,a_924
a_925.png,a_925
a_926.png,a_926
a_927.png,a_927
a_928.png,a_928
a_929.png,a_929
a_930.png,a_930
a_931.png,a_931
a_932.png,a_932
a_933.png,a_933
a_934.png,a_934
a_935.png,a_935
a_936.png,a_936
a_937.png,a_937
a_938.png,a_938
a_939.png,a_939
a_940.png,a_940
a_941.png,a_941
a_942.png,a_942
a_943.png,a_943
a_944.png,a_944
a_945.png,a_945
a_946.png,a_946
a_947.png,a_947
a_948.png,a_948
a_949.png,a_949
a_950.png,a_950
a_951.png,a_951
a_952.png,a_952
a_953.png,a_953
a_954.png,a_954
a_955.png,a_955
a_956.png,a_956
a_957.png,a_957
a_958.png,a_958
a_959.png,a_959
a_960.png,a_960
a_961.png,a_961
a_962.png,a_962
a_963.png,a_963
a_964.png,a_964
a_965.png,a_965
a_966.png,a_966
a_967.png,a_967
a_968.png,a_968
a_969.png,a_969
a_970.png,a_970
a_971.png,a_971
a_972.png,a_972
a_973.png,a_973
a_974.png,a_974
a_975.png,a_975
a_976.png,a_976
a_977.png,a_977
a_978.png,a_978
a_979.png,a_979
a_980.png,a_980
a_981.png,a_981
a_982.png,a_982
a_983.png,a_983
a_984.png,a_984
a_985.png,a_985
a_986.png,a_986
a_987.png,a_987
a_988.png,a_988
a_989.png,a_989
a_990.png,a_990
a_991.png,a_991
a_992.png,a_992
a_993.png,a_993
a_994.png,a_994
a_995.png,a_995
a_996.png,a_996
a_997.png,a_997
a_998.png,a_998
a_999.png,a_999
a_1000.png,a_1000
a_1001.png,a_1001
a_1002.png,a_1002
a_1003.png,a_1003
a_1004.png,a_1004
a_1005.png,a_1005
a_1006.png,a_1006
a_1007.png,a_1007
a_1008.png,a_1008
a_1009.png,a_1009
a_1010.png,a_1010
a_1011.png,a_1011
a_1012.png,a_1012
a_1013.png,a_1013
a_1014.png,a_1014
a_1015.png,a_1015
a_1016.png,a_1016
a_1017.png,a_1017
a_1018.png,a_1018
a_1019.png,a_1019
a_1020.png,a_1020
a_1021.png,a_1021
a_1022.png,a_1022
a_1023.png,a_1023
a_1024.png,a_1024
a_1025.png,a_1025
a_1026.png,a_1026
a_1027.png,a_1027
a_1028.png,a_1028
a_1029.png,a_1029
a_1030.png,a_1030
a_1031.png,a_1031
a_1032.png,a_1032
a_1033.png,a_1033
a_1034.png,a_1034
a_1035.png,a_1035
a_1036.png,a_1036
a_1037.png,a_1037
a_1038.png,a_1038
a_1039.png,a_1039
a_1040.png,a_1040
a_1041.png,a_1041
a_1042.png,a_1042
a_1043.png,a_1043
a_1044.png,a_1044
a_1045.png,a_1045
a_1046.png,a_1046
a_1047.png,a_1047
a_1048.png,a_1048
a_1049.png,a_1049
a_1050.png,a_1050
a_1051.png,a_1051
a_1052.png,a_1052
a_1053.png,a_1053
a_1054.png,a_1054
a_1055.png,a_1055
a_1056.png,a_1056
a_1057.png,a_1057
a_1058.png,a_1058
a_1059.png,a_1059
a_1060.png,a_1060
a_1061.png,a_1061
a_1062.png,a_1062
a_1063.png,a_1063
a_1064.png,a_1064
a_1065.png,a_1065
a_1066.png,a_1066
a_1067.png,a_1067
a_1068.png,a_1068
a_1069.png,a_1069
a_1070.png,a_1070
a_1071.png,a_1071
a_1072.png,a_1072
a_1073.png,a_1073
a_1074.png,a_1074
a_1075.png,a_1075
a_1076.png,a_1076
a_1077.png,a_1077
a_1078.png,a_1078
a_1079.png,a_1079
a_1080.png,a_1080
a_1081.png,a_1081
a_1082.png,a_1082
a_1083.png,a_1083
a_1084.png,a_1084
a_1085.png,a_1085
a_1086.png,a_1086
a_1087.png,a_1087
a_1088.png,a_1088
a_1089.png,a_1089
a_1090.png,a_1090
a_1091.png,a_1091
a_1092.png,a_1092
a_1093.png,a_1093
a_1094.png,a_1094
a_1095.png,a_1095
a_1096.png,a_1096
a_1097.png,a_1097
a_1098.png,a_1098
a_1099.png,a_1099
a_1100.png,a_1100
a_1101.png,a_1101
a_1102.png,a_1102
a_1103.png,a_1103
a_1104.png,a_1104
a_1105.png,a_1105
a_1106.png,a_1106
a_1107.png,a_1107
a_1108.png,a_1108
a_1109.png,a_1109
a_1110.png,a_1110
a_1111.png,a_1111
a_1112.png,a_1112
a_1113.png,a_1113
a_1114.png,a_1114
a_1115.png,a_1115
a_1116.png,a_1116
a_1117.png,a_1117
a_1118.png,a_1118
a_1119.png,a_1119
a_1120.png,a_1120
a_1121.png,a_1121
a_1122.png,a_1122
a_1123.png,a_1123
a_1124.png,a_1124
a_1125.png,a_1125
a_1126.png,a_1126
a_1127.png,a_1127
a_1128.png,a_1128
a_1129.png,a_1129
a_1130.png,a_1130
a_1131.png,a_1131
a_1132.png,a_1132
a_1133.png,a_1133
a_1134.png,a_1134
a_1135.png,a_1135
a_1136.png,a_1136
a_1137.png,a_1137
a_1138.png,a_1138
a_1139.png,a_1139
a_1140.png,a_1140
a_1141.png,a_1141
a_1142.png,a_1142
a_1143.png,a_1143
a_1144.png,a_1144
a_1145.png,a_1145
a_1146.png,a_1146
a_1147.png,a_1147
a_1148.png,a_1148
a_1149.png,a_1149
a_1150.png,a_1150
a_1151.png,a_1151
a_1152.png,a_1152
a_1153.png,a_1153
a_1154.png,a_1154
a_1155.png,a_1155
a_1156.png,a_1156
a_1157.png,a_1157
a_1158.png,a_1158
a_1159.png,a_1159
a_1160.png,a_1160
a_1161.png,a_1161
a_1162.png,a_1162
a_1163.png,a_1163
a_1164.png,a_1164
a_1165.png,a_1165
a_1166.png,a_1166
a_1167.png,a_1167
a_1168.png,a_1168
a_1169.png,a_1169
a_1170.png,a_1170
a_1171.png,a_1171
a_1172.png,a_1172
a_1173.png,a_1173
a_1174.png,a_1174
a_1175.png,a_1175
a_1176.png,a_1176
a_1177.png,a_1177
a_1178.png,a_1178
a_1179.png,a_1179
a_1180.png,a_1180
a_1181.png,a_1181
a_1182.png,a_1182
a_1183.png,a_1183
a_1184.png,a_1184
a_1185.png,a_1185
a_1186.png,a_1186
a_1187.png,a_1187
a_1188.png,a_1188
a_1189.png,a_1189
a_1190.png,a_1190
a_1191.png,a_1191
a_1192.png,a_1192
a_1193.png,a_1193
a_1194.png,a_1194
a_1195.png,a_1195
a_1196.png,a_1196
a_1197.png,a_1197
a_1198.png,a_1198
a_1199.png,a_1199
a_1200.png,a_1200
a_1201.png,a_1201
a_1202.png,a_1202
a_1203.png,a_1203
a_1204.png,a_1204
a_1205.png,a_1205
a_1206.png,a_1206
a_1207.png,a_1207
a_1208.png,a_1208
a_1209.png,a_1209
a_1210.png,a_1210
a_1211.png,a_1211
a_1212.png,a_1212
a_1213.png,a_1213
a_1214.png,a_1214
a_1215.png,a_1215
a_1216.png,a_1216
a_1217.png,a_1217
a_1218.png,a_1218
a_1219.png,a_1219
a_1220.png,a_1220
a_1221.png,a_1221
a_1222.png,a_1222
a_1223.png,a_1223
a_1224.png,a_1224
a_1225.png,a_1225
a_1226.png,a_1226
a_1227.png,a_1227
a_1228.png,a_1228
a_1229.png,a_1229
a_1230.png,a_1230
a_1231.png,a_1231
a_1232.png,a_1232
a_1233.png,a_1233
a_1234.png,a_1234
a_1235.png,a_1235
a_1236.png,a_1236
a_1237.png,a_1237
a_1238.png,a_1238
a_1239.png,a_1239
a_1240.png,a_1240
a_1241.png,a_1241
a_1242.png,a_1242
a_1243.png,a_1243
a_1244.png,a_1244
a_1245.png,a_1245
a_1246.png,a_1246
a_1247.png,a_1247
a_1248.png,a_1248
a_1249.png,a_1249
a_1250.png,a_1250
a_1251.png,a_1251
a_1252.png,a_1252
a_1253.png,a_1253
a_1254.png,a_1254
a_1255.png,a_1255
a_1256.png,a_1256
a_1257.png,a_1257
a_1258.png,a_1258
a_1259.png,a_1259
a_1260.png,a_1260
a_1261.png,a_1261
a_1262.png,a_1262
a_1263.png,a_1263
a_1264.png,a_1264
a_1265.png,a_1265
a_1266.png,a_1266
a_1267.png,a_1267
a_1268.png,a_1268
a_1269.png,a_1269
a_1270.png,a_1270
a_1271.png,a_1271
a_1272.png,a_1272
a_1273.png,a_1273
a_1274.png,a_1274
a_1275.png,a_1275
a_1276.png,a_1276
a_1277.png,a_1277
a_1278.png,a_1278
a_1279.png,a_1279
a_1280.png,a_1280
a_1281.png,a_1281
a_1282.png,a_1282
a_1283.png,a_1283
a_1284.png,a_1284
a_1285.png,a_1285
a_1286.png,a_1286
a_1287.png,a_1287
a_1288.png,a_1288
a_1289.png,a_1289
a_1290.png,a_1290
a_1291.png,a_1291
a_1292.png,a_1292
a_1293.png,a_1293
a_1294.png,a_1294
a_1295.png,a_1295
a_1296.png,a_1296
a_1297.png,a_1297
a_1298.png,a_1298
a_1299.png,a_1299
a_1300.png,a_1300
a_1301.png,a_1301
a_1302.png,a_1302
a_1303.png,a_1303
a_1304.png,a_1304
a_1305.png,a_1305
a_1306.png,a_1306
a_1307.png,a_1307
a_1308.png,a_1308
a_1309.png,a_1309
a_1310.png,a_1310
a_1311.png,a_1311
a_1312.png,a_1312
a_1313.png,a_1313
a_1314.png,a_1314
a_1315.png,a_1315
a_1316.png,a_1316
a_1317.png,a_1317
a_1318.png,a_1318
a_1319.png,a_1319
a_1320.png,a_1320
a_1321.png,a_1321
a_1322.png,a_1322
a_1323.png,a_1323
a_1324.png,a_1324
a_1325.png,a_1325
a_1326.png,a_1326
a_1327.png,a_1327
a_1328.png,a_1328
a_1329.png,a_1329
a_1330.png,a_1330
a_1331.png,a_1331
a_1332.png,a_1332
a_1333.png,a_1333
a_1334.png,a_1334
a_1335.png,a_1335
a_1336.png,a_1336
a_1337.png,a_1337
a_1338.png,a_1338
a_1339.png,a_1339
a_1340.png,a_1340
a_1341.png,a_1341
a_1342.png,a_1342
a_1343.png,a_1343
a_1344.png,a_1344
a_1345.png,a_1345
a_1346.png,a_1346
a_1347.png,a_1347
a_1348.png,a_1348
a_1349.png,a_1349
a_1350.png,a_1350
a_1351.png,a_1351
a_1352.png,a_1352
a_1353.png,a_1353
a_1354.png,a_1354
a_1355.png,a_1355
a_1356.png,a_1356
a_1357.png,a_1357
a_1358.png,a_1358
a_1359.png,a_1359
a_1360.png,a_1360
a_1361.png,a_1361
a_1362.png,a_1362
a_1363.png,a_1363
a_1364.png,a_1364
a_1365.png,a_1365
a_1366.png,a_1366
a_1367.png,a_1367
a_1368.png,a_1368
a_1369.png,a_1369
a_1370.png,a_1370
a_1371.png,a_1371
a_1372.png,a_1372
a_1373.png,a_1373
a_1374.png,a_1374
a_1375.png,a_1375
a_1376.png,a_1376
a_1377.png,a_1377
a_1378.png,a_1378
a_1379.png,a_1379
a_1380.png,a_1380
a_1381.png,a_1381
a_1382.png,a_1382
a_1383.png,a_1383
a_1384.png,a_1384
a_1385.png,a_1385
a_1386.png,a_1386
a_1387.png,a_1387
a_1388.png,a_1388
a_1389.png,a_1389
a_1390.png,a_1390
a_1391.png,a_1391
a_1392.png,a_1392
a_1393.png,a_1393
a_1394.png,a_1394
a_1395.png,a_1395
a_1396.png,a_1396
a_1397.png,a_1397
a_1398.png,a_1398
a_1399.png,a_1399
a_1400.png,a_1400
a_1401.png,a_1401
a_1402.png,a_1402
a_1403.png,a_1403
a_1404.png,a_1404
a_1405.png,a_1405
a_1406.png,a_1406
a_1407.png,a_1407
a_1408.png,a_1408
a_1409.png,a_1409
a_1410.png,a_1410
a_1411.png,a_1411
a_1412.png,a_1412
a_1413.png,a_1413
a_1414.png,a_1414
a_1415.png,a_1415
a_1416.png,a_1416
a_1417.png,a_1417
a_1418.png,a_1418
a_1419.png,a_1419
a_1420.png,a_1420
a_1421.png,a_1421
a_1422.png,a_1422
a_1423.png,a_1423
a_1424.png,a_1424
a_1425.png,a_1425
a_1426.png,a_1426
a_1427.png,a_1427
a_1428.png,a_1428
a_1429.png,a_1429
a_1430.png,a_1430
a_1431.png,a_1431
a_1432.png,a_1432
a_1433.png,a_1433
a_1434.png,a_1434
a_1435.png,a_1435
a_1436.png,a_1436
a_1437.png,a_1437
a_1438.png,a_1438
a_1439.png,a_1439
a_1440.png,a_1440
a_1441.png,a_1441
a_1442.png,a_1442
a_1443.png,a_1443
a_1444.png,a_1444
a_1445.png,a_1445
a_1446.png,a_1446
a_1447.png,a_1447
a_1448.png,a_1448
a_1449.png,a_1449
a_1450.png,a_1450
a_1451.png,a_1451
a_1452.png,a_1452
a_1453.png,a_1453
a_1454.png,a_1454
a_1455.png,a_1455
a_1456.png,a_1456
a_1457.png,a_1457
a_1458.png,a_1458
a_1459.png,a_1459
a_1460.png,a_1460
a_1461.png,a_1461
a_1462.png,a_1462
a_1463.png,a_1463
a_1464.png,a_1464
a_1465.png,a_1465
a_1466.png,a_1466
a_1467.png,a_1467
a_1468.png,a_1468
a_1469.png,a_1469
a_1470.png,a_1470
a_1471.png,a_1471
a_1472.png,a_1472
a_1473.png,a_1473
a_1474.png,a_1474
a_1475.png,a_1475
a_1476.png,a_1476
a_1477.png,a_1477
a_1478.png,a_1478
a_1479.png,a_1479
a_1480.png,a_1480
a_1481.png,a_1481
a_1482.png,a_1482
a_1483.png,a_1483
a_1484.png,a_1484
a_1485.png,a_1485
a_1486.png,a_1486
a_1487.png,a_1487
a_1488.png,a_1488
a_1489.png,a_1489
a_1490.png,a_1490
a_1491.png,a_1491
a_1492.png,a_1492
a_1493.png,a_1493
a_1494.png,a_1494
a_1495.png,a_1495
a_1496.png,a_1496
a_1497.png,a_1497
a_1498.png,a_1498
a_1499.png,a_1499
a_1500.png,a_1500
a_1501.png,a_1501
a_1502.png,a_1502
a_1503.png,a_1503
a_1504.png,a_1504
a_1505.png,a_1505
a_1506.png,a_1506
a_1507.png,a_1507
a_1508.png,a_1508
a_1509.png,a_1509
a_1510.png,a_1510
a_1511.png,a_1511
a_1512.png,a_1512
a_1513.png,a_1513
a_1514.png,a_1514
a_1515.png,a_1515
a_1516.png,a_1516
a_1517.png,a_1517
a_1518.png,a_1518
a_1519.png,a_1519
a_1520.png,a_1520
a_1521.png,a_1521
a_1522.png,a_1522
a_1523.png,a_1523
a_1524.png,a_1524
a_1525.png,a_1525
a_1526.png,a_1526
a_1527.png,a_1527
a_1528.png,a_1528
a_1529.png,a_1529
a_1530.png,a_1530
a_1531.png,a_1531
a_1532.png,a_1532
a_1533.png,a_1533
a_1534.png,a_1534
a_1535.png,a_1535
a_1536.png,a_1536
a_1537.png,a_1537
a_1538.png,a_1538
a_1539.png,a_1539
a_1540.png,a_1540
a_1541.png,a_1541
a_1542.png,a_1542
a_1543.png,a_1543
a_1544.png,a_1544
a_1545.png,a_1545
a_1546.png,a_1546
a_1547.png,a_1547
a_1548.png,a_1548
a_1549.png,a_1549
a_1550.png,a_1550
a_1551.png,a_1551
a_1552.png,a_1552
a_1553.png,a_1553
a_1554.png,a_1554
a_1555.png,a_1555
a_1556.png,a_1556
a_1557.png,a_1557
a_1558.png,a_1558
a_1559.png,a_1559
a_1560.png,a_1560
a_1561.png,a_1561
a_1562.png,a_1562
a_1563.png,a_1563
a_1564.png,a_1564
a_1565.png,a_1565
a_1566.png,a_1566
a_1567.png,a_1567
a_1568.png,a_1568
a_1569.png,a_1569
a_1570.png,a_1570
a_1571.png,a_1571
a_1572.png,a_1572
a_1573.png,a_1573
a_1574.png,a_1574
a_1575.png,a_1575
a_1576.png,a_1576
a_1577.png,a_1577
a_1578.png,a_1578
a_1579.png,a_1579
a_1580.png,a_1580
a_1581.png,a_1581
a_1582.png,a_1582
a_1583.png,a_1583
a_1584.png,a_1584
a_1585.png,a_1585
a_1586.png,a_1586
a_1587.png,a_1587
a_1588.png,a_1588
a_1589.png,a_1589
a_1590.png,a_1590
a_1591.png,a_1591
a_1592.png,a_1592
a_1593.png,a_1593
a_1594.png,a_1594
a_1595.png,a_1595
a_1596.png,a_1596
a_1597.png,a_1597
a_1598.png,a_1598
a_1599.png,a_1599
a_1600.png,a_1600
a_1601.png,a_1601
a_1602.png,a_1602
a_1603.png,a_1603
a_1604.png,a_1604
a_1605.png,a_1605
a_1606.png,a_1606
a_1607.png,a_1607
a_1608.png,a_1608
a_1609.png,a_1609
a_1610.png,a_1610
a_1611.png,a_1611
a_1612.png,a_1612
a_1613.png,a_1613
a_1614.png,a_1614
a_1615.png,a_1615
a_1616.png,a_1616
a_1617.png,a_1617
a_1618.png,a_1618
a_1619.png,a_1619
a_1620.png,a_1620
a_1621.png,a_1621
a_1622.png,a_1622
a_1623.png,a_1623
a_1624.png,a_1624
a_1625.png,a_1625
a_1626.png,a_1626
a_1627.png,a_1627
a_1628.png,a_1628
a_1629.png,a_1629
a_1630.png,a_1630
a_1631.png,a_1631
a_1632.png,a_1632
a_1633.png,a_1633
a_1634.png,a_1634
a_1635.png,a_1635
a_1636.png,a_1636
a_1637.png,a_1637
a_1638.png,a_1638
a_1639.png,a_1639
a_1640.png,a_1640
a_1641.png,a_1641
a_1642.png,a_1642
a_1643.png,a_1643
a_1644.png,a_1644
a_1645.png,a_1645
a_1646.png,a_1646
a_1647.png,a_1647
a_1648.png,a_1648
a_1649.png,a_1649
a_1650.png,a_1650
a_1651.png,a_1651
a_1652.png,a_1652
a_1653.png,a_1653
a_1654.png,a_1654
a_1655.png,a_1655
a_1656.png,a_1656
a_1657.png,a_1657
a_1658.png,a_1658
a_1659.png,a_1659
a_1660.png,a_1660
a_1661.png,a_1661
a_1662.png,a_1662
a_1663.png,a_1663
a_1664.png,a_1664
a_1665.png,a_1665
a_1666.png,a_1666
a_1667.png,a_1667
a_1668.png,a_1668
a_1669.png,a_1669
a_1670.png,a_1670
a_1671.png,a_1671
a_1672.png,a_1672
a_1673.png,a_1673
a_1674.png,a_1674
a_1675.png,a_1675
a_1676.png,a_1676
a_1677.png,a_1677
a_1678.png,a_1678
a_1679.png,a_1679
a_1680.png,a_1680
a_1681.png,a_1681
a_1682.png,a_1682
a_1683.png,a_1683
a_1684.png,a_1684
a_1685.png,a_1685
a_1686.png,a_1686
a_1687.png,a_1687
a_1688.png,a_1688
a_1689.png,a_1689
a_1690.png,a_1690
a_1691.png,a_1691
a_1692.png,a_1692
a_1693.png,a_1693
a_1694.png,a_1694
a_1695.png,a_1695
a_1696.png,a_1696
a_1697.png,a_1697
a_1698.png,a_1698
a_1699.png,a_1699
a_1700.png,a_1700
a_1701.png,a_1701
a_1702.png,a_1702
a_1703.png,a_1703
a_1704.png,a_1704
a_1705.png,a_1705
a_1706.png,a_1706
a_1707.png,a_1707
a_1708.png,a_1708
a_1709.png,a_1709
a_1710.png,a_1710
a_1711.png,a_1711
a_1712.png,a_1712
a_1713.png,a_1713
a_1714.png,a_1714
a_1715.png,a_1715
a_1716.png,a_1716
a_1717.png,a_1717
a_1718.png,a_1718
a_1719.png,a_1719
a_1720.png,a_1720
a_1721.png,a_1721
a_1722.png,a_1722
a_1723.png,a_1723
a_1724.png,a_1724
a_1725.png,a_1725
a_1726.png,a_1726
a_1727.png,a_1727
a_1728.png,a_1728
a_1729.png,a_1729
a_1730.png,a_1730
a_1731.png,a_1731
a_1732.png,a_1732
a_1733.png,a_1733
a_1734.png,a_1734
a_1735.png,a_1735
a_1736.png,a_1736
a_1737.png,a_1737
a_1738.png,a_1738
a_1739.png,a_1739
a_1740.png,a_1740
a_1741.png,a_1741
a_1742.png,a_1742
a_1743.png,a_1743
a_1744.png,a_1744
a_1745.png,a_1745
a_1746.png,a_1746
a_1747.png,a_1747
a_1748.png,a_1748
a_1749.png,a_1749
a_1750.png,a_1750
a_1751.png,a_1751
a_1752.png,a_1752
a_1753.png,a_1753
a_1754.png,a_1754
a_1755.png,a_1755
a_1756.png,a_1756
a_1757.png,a_1757
a_1758.png,a_1758
a_1759.png,a_1759
a_1760.png,a_1760
a_1761.png,a_1761
a_1762.png,a_1762
a_1763.png,a_1763
a_1764.png,a_1764
a_1765.png,a_1765
a_1766.png,a_1766
a_1767.png,a_1767
a_1768.png,a_1768
a_1769.png,a_1769
a_1770.png,a_1770
a_1771.png,a_1771
a_1772.png,a_1772
a_1773.png,a_1773
a_1774.png,a_1774
a_1775.png,a_1775
a_1776.png,a_1776
a_1777.png,a_1777
a_1778.png,a_1778
a_1779.png,a_1779
a_1780.png,a_1780
a_1781.png,a_1781
a_1782.png,a_1782
a_1783.png,a_1783
a_1784.png,a_1784
a_1785.png,a_1785
a_1786.png,a_1786
a_1787.png,a_1787
a_1788.png,a_1788
a_1789.png,a_1789
a_1790.png,a_1790
a_1791.png,a_1791
a_1792.png,a_1792
a_1793.png,a_1793
a_1794.png,a_1794
a_1795.png,a_1795
a_1796.png,a_1796
a_1797.png,a_1797
a_1798.png,a_1798
a_1799.png,a_1799
a_1800.png,a_1800
a_1801.png,a_1801
a_1802.png,a_1802
a_1803.png,a_1803
a_1804.png,a_1804
a_1805.png,a_1805
a_1806.png,a_1806
a_1807.png,a_1807
a_1808.png,a_1808
a_1809.png,a_1809
a_1810.png,a_1810
a_1811.png,a_1811
a_1812.png,a_1812
a_1813.png,a_1813
a_1814.png,a_1814
a_1815.png,a_1815
a_1816.png,a_1816
a_1817.png,a_1817
a_1818.png,a_1818
a_1819.png,a_1819
a_1820.png,a_1820
a_1821.png,a_1821
a_1822.png,a_1822
a_1823.png,a_1823
a_1824.png,a_1824
a_1825.png,a_1825
a_1826.png,a_1826
a_1827.png,a_1827
a_1828.png,a_1828
a_1829.png,a_1829
a_1830.png,a_1830
a_1831.png,a_1831
a_1832.png,a_1832
a_1833.png,a_1833
a_1834.png,a_1834
a_1835.png,a_1835
a_1836.png,a_1836
a_1837.png,a_1837
a_1838.png,a_1838
a_1839.png,a_1839
a_1840.png,a_1840
a_1841.png,a_1841
a_1842.png,a_1842
a_1843.png,a_1843
a_1844.png,a_1844
a_1845.png,a_1845
a_1846.png,a_1846
a_1847.png,a_1847
a_1848.png,a_1848
a_1849.png,a_1849
a_1850.png,a_1850
a_1851.png,a_1851
a_1852.png,a_1852
a_1853.png,a_1853
a_1854.png,a_1854
a_1855.png,a_1855
a_1856.png,a_1856
a_1857.png,a_1857
a_1858.png,a_1858
a_1859.png,a_1859
a_1860.png,a_1860
a_1861.png,a_1861
a_1862.png,a_1862
a_1863.png,a_1863
a_1864.png,a_1864
a_1865.png,a_1865
a_1866.png,a_1866
a_1867.png,a_1867
a_1868.png,a_1868
a_1869.png,a_1869
a_1870.png,a_1870
a_1871.png,a_1871
a_1872.png,a_1872
a_1873.png,a_1873
a_1874.png,a_1874
a_1875.png,a_1875
a_1876.png,a_1876
a_1877.png,a_1877
a_1878.png,a_1878
a_1879.png,a_1879
a_1880.png,a_1880
a_1881.png,a_1881
a_1882.png,a_1882
a_1883.png,a_1883
a_1884.png,a_1884
a_1885.png,a_1885
a_1886.png,a_1886
a_1887.png,a_1887
a_1888.png,a_1888
a_1889.png,a_1889
a_1890.png,a_1890
a_1891.png,a_1891
a_1892.png,a_1892
a_1893.png,a_1893
a_1894.png,a_1894
a_1895.png,a_1895
a_1896.png,a_1896
a_1897.png,a_1897
a_1898.png,a_1898
a_1899.png,a_1899
a_1900.png,a_1900
a_1901.png,a_1901
a_1902.png,a_1902
a_1903.png,a_1903
a_1904.png,a_1904
a_1905.png,a_1905
a_1906.png,a_1906
a_1907.png,a_1907
a_1908.png,a_1908
a_1909.png,a_1909
a_1910.png,a_1910
a_1911.png,a_1911
a_1912.png,a_1912
a_1913.png,a_1913
a_1914.png,a_1914
a_1915.png,a_1915
a_1916.png,a_1916
a_1917.png,a_1917
a_1918.png,a_1918
a_1919.png,a_1919
a_1920.png,a_1920
a_1921.png,a_1921
a_1922.png,a_1922
a_1923.png,a_1923
a_1924.png,a_1924
a_1925.png,a_1925
a_1926.png,a_1926
a_1927.png,a_1927
a_1928.png,a_1928
a_1929.png,a_1929
a_1930.png,a_1930
a_1931.png,a_1931
a_1932.png,a_1932
a_1933.png,a_1933
a_1934.png,a_1934
a_1935.png,a_1935
a_1936.png,a_1936
a_1937.png,a_1937
a_1938.png,a_1938
a_1939.png,a_1939
a_1940.png,a_1940
a_1941.png,a_1941
a_1942.png,a_1942
a_1943.png,a_1943
a_1944.png,a_1944
a_1945.png,a_1945
a_1946.png,a_1946
a_1947.png,a_1947
a_1948.png,a_1948
a_1949.png,a_1949
a_1950.png,a_1950
a_1951.png,a_1951
a_1952.png,a_1952
a_1953.png,a_1953
a_1954.png,a_1954
a_1955.png,a_1955
a_1956.png,a_1956
a_1957.png,a_1957
a_1958.png,a_1958
a_1959.png,a_1959
a_1960.png,a_1960
a_1961.png,a_1961
a_1962.png,a_1962
a_1963.png,a_1963
a_1964.png,a_1964
a_1965.png,a_1965
a_1966.png,a_1966
a_1967.png,a_1967
a_1968.png,a_1968
a_1969.png,a_1969
a_1970.png,a_1970
a_1971.png,a_1971
a_1972.png,a_1972
a_1973.png,a_1973
a_1974.png,a_1974
a_1975.png,a_1975
a_1976.png,a_1976
a_1977.png,a_1977
a_1978.png,a_1978
a_1979.png,a_1979
a_1980.png,a_1980
a_1981.png,a_1981
a_1982.png,a_1982
a_1983.png,a_1983
a_1984.png,a_1984
a_1985.png,a_1985
a_1986.png,a_1986
a_1987.png,a_1987
a_1988.png,a_1988
a_1989.png,a_1989
a_1990.png,a_1990
a_1991.png,a_1991
a_1992.png,a_1992
a_1993.png,a_1993
a_1994.png,a_1994
a_1995.png,a_1995
a_1996.png,a_1996
a_1997.png,a_1997
a_1998.png,a_1998
a_1999.png,a_1999
a_2000.png,a_2000
a_2001.png,a_2001
a_2002.png,a_2002
a_2003.png,a_2003
a_2004.png,a_2004
a_2005.png,a_2005
a_2006.png,a_2006
a_2007.png,a_2007
a_2008.png,a_2008
a_2009.png,a_2009
a_2010.png,a_2010
a_2011.png,a_2011
a_2012.png,a_2012
a_2013.png,a_2013
a_2014.png,a_2014
a_2015.png,a_2015
a_2016.png,a_2016
a_2017.png,a_2017
a_2018.png,a_2018
a_2019.png,a_2019
a_2020.png,a_2020
a_2021.png,a_2021
a_2022.png,a_2022
a_2023.png,a_2023
a_2024.png,a_2024
a_2025.png,a_2025
a_2026.png,a_2026
a_2027.png,a_2027
a_2028.png,a_2028
a_2029.png,a_2029
a_2030.png,a_2030
a_2031.png,a_2031
a_2032.png,a_2032
a_2033.png,a_2033
a_2034.png,a_2034
a_2035.png,a_2035
a_2036.png,a_2036
a_2037.png,a_2037
a_2038.png,a_2038
a_2039.png,a_2039
a_2040.png,a_2040
a_2041.png,a_2041
a_2042.png,a_2042
a_2043.png,a_2043
a_2044.png,a_2044
a_2045.png,a_2045
a_2046.png,a_2046
a_2047.png,a_2047
a_2048.png,a_2048
a_2049.png,a_2049
a_2050.png,a_2050
a_2051.png,a_2051
a_2052.png,a_2052
a_2053.png,a_2053
a_2054.png,a_2054
a_2055.png,a_2055
a_2056.png,a_2056
a_2057.png,a_2057
a_2058.png,a_2058
a_2059.png,a_2059
a_2060.png,a_2060
a_2061.png,a_2061
a_2062.png,a_2062
a_2063.png,a_2063
a_2064.png,a_2064
a_2065.png,a_2065
a_2066.png,a_2066
a_2067.png,a_2067
a_2068.png,a_2068
a_2069.png,a_2069
a_2070.png,a_2070
a_2071.png,a_2071
a_2072.png,a_2072
a_2073.png,a_2073
a_2074.png,a_2074
a_2075.png,a_2075
a_2076.png,a_2076
a_2077.png,a_2077
a_2078.png,a_2078
a_2079.png,a_2079
a_2080.png,a_2080
a_2081.png,a_2081
a_2082.png,a_2082
a_2083.png,a_2083
a_2084.png,a_2084
a_2085.png,a_2085
a_2086.png,a_2086
a_2087.png,a_2087
a_2088.png,a_2088
a_2089.png,a_2089
a_2090.png,a_2090
a_2091.png,a_2091
a_2092.png,a_2092
a_2093.png,a_2093
a_2094.png,a_2094
a_2095.png,a_2095
a_2096.png,a_2096
a_2097.png,a_2097
a_2098.png,a_2098
a_2099.png,a_2099
a_2100.png,a_2100
a_2101.png,a_2101
a_2102.png,a_2102
a_2103.png,a_2103
a_2104.png,a_2104
a_2105.png,a_2105
a_2106.png,a_2106
a_2107.png,a_2107
a_2108.png,a_2108
a_2109.png,a_2109
a_2110.png,a_2110
a_2111.png,a_2111
a_2112.png,a_2112
a_2113.png,a_2113
a_2114.png,a_2114
a_2115.png,a_2115
a_2116.png,a_2116
a_2117.png,a_2117
a_2118.png,a_2118
a_2119.png,a_2119
a_2120.png,a_2120
a_2121.png,a_2121
a_2122.png,a_2122
a_2123.png,a_2123
a_2124.png,a_2124
a_2125.png,a_2125
a_2126.png,a_2126
a_2127.png,a_2127
a_2128.png,a_2128
a_2129.png,a_2129
a_2130.png,a_2130
a_2131.png,a_2131
a_2132.png,a_2132
a_2133.png,a_2133
a_2134.png,a_2134
a_2135.png,a_2135
a_2136.png,a_2136
a_2137.png,a_2137
a_2138.png,a_2138
a_2139.png,a_2139
a_2140.png,a_2140
a_2141.png,a_2141
a_2142.png,a_2142
a_2143.png,a_2143
a_2144.png,a_2144
a_2145.png,a_2145
a_2146.png,a_2146
a_2147.png,a_2147
a_2148.png,a_2148
a_2149.png,a_2149
a_2150.png,a_2150
a_2151.png,a_2151
a_2152.png,a_2152
a_2153.png,a_2153
a_2154.png,a_2154
a_2155.png,a_2155
a_2156.png,a_2156
a_2157.png,a_2157
a_2158.png,a_2158
a_2159.png,a_2159
a_2160.png,a_2160
a_2161.png,a_2161
a_2162.png,a_2162
a_2163.png,a_2163
a_2164.png,a_2164
a_2165.png,a_2165
a_2166.png,a_2166
a_2167.png,a_2167
a_2168.png,a_2168
a_2169.png,a_2169
a_2170.png,a_2170
a_2171.png,a_2171
a_2172.png,a_2172
a_2173.png,a_2173
a_2174.png,a_2174
a_2175.png,a_2175
a_2176.png,a_2176
a_2177.png,a_2177
a_2178.png,a_2178
a_2179.png,a_2179
a_2180.png,a_2180
a_2181.png,a_2181
a_2182.png,a_2182
a_2183.png,a_2183
a_2184.png,a_2184
a_2185.png,a_2185
a_2186.png,a_2186
a_2187.png,a_2187
a_2188.png,a_2188
a_2189.png,a_2189
a_2190.png,a_2190
a_2191.png,a_2191
a_2192.png,a_2192
a_2193.png,a_2193
a_2194.png,a_2194
a_2195.png,a_2195
a_2196.png,a_2196
a_2197.png,a_2197
a_2198.png,a_2198
a_2199.png,a_2199
a_2200.png,a_2200
a_2201.png,a_2201
a_2202.png,a_2202
a_2203.png,a_2203
a_2204.png,a_2204
a_2205.png,a_2205
a_2206.png,a_2206
a_2207.png,a_2207
a_2208.png,a_2208
a_2209.png,a_2209
a_2210.png,a_2210
a_2211.png,a_2211
a_2212.png,a_2212
a_2213.png,a_2213
a_2214.png,a_2214
a_2215.png,a_2215
a_2216.png,a_2216
a_2217.png,a_2217
a_2218.png,a_2218
a_2219.png,a_2219
a_2220.png,a_2220
a_2221.png,a_2221
a_2222.png,a_2222
a_2223.png,a_2223
a_2224.png,a_2224
a_2225.png,a_2225
a_2226.png,a_2226
a_2227.png,a_2227
a_2228.png,a_2228
a_2229.png,a_2229
a_2230.png,a_2230
a_2231.png,a_2231
a_2232.png,a_2232
a_2233.png,a_2233
a_2234.png,a_2234
a_2235.png,a_2235
a_2236.png,a_2236
a_2237.png,a_2237
a_2238.png,a_2238
a_2239.png,a_2239
a_2240.png,a_2240
a_2241.png,a_2241
a_2242.png,a_2242
a_2243.png,a_2243
a_2244.png,a_2244
a_2245.png,a_2245
a_2246.png,a_2246
a_2247.png,a_2247
a_2248.png,a_2248
a_2249.png,a_2249
a_2250.png,a_2250
a_2251.png,a_2251
a_2252.png,a_2252
a_2253.png,a_2253
a_2254.png,a_2254
a_2255.png,a_2255
a_2256.png,a_2256
a_2257.png,a_2257
a_2258.png,a_2258
a_2259.png,a_2259
a_2260.png,a_2260
a_2261.png,a_2261
a_2262.png,a_2262
a_2263.png,a_2263
a_2264.png,a_2264
a_2265.png,a_2265
a_2266.png,a_2266
a_2267.png,a_2267
a_2268.png,a_2268
a_2269.png,a_2269
a_2270.png,a_2270
a_2271.png,a_2271
a_2272.png,a_2272
a_2273.png,a_2273
a_2274.png,a_2274
a_2275.png,a_2275
a_2276.png,a_2276
a_2277.png,a_2277
a_2278.png,a_2278
a_2279.png,a_2279
a_2280.png,a_2280
a_2281.png,a_2281
a_2282.png,a_2282
a_2283.png,a_2283
a_2284.png,a_2284
a_2285.png,a_2285
a_2286.png,a_2286
a_2287.png,a_2287
a_2288.png,a_2288
a_2289.png,a_2289
a_2290.png,a_2290
a_2291.png,a_2291
a_2292.png,a_2292
a_2293.png,a_2293
a_2294.png,a_2294
a_2295.png,a_2295
a_2296.png,a_2296
a_2297.png,a_2297
a_2298.png,a_2298
a_2299.png,a_2299
a_2300.png,a_2300
a_2301.png,a_2301
a_2302.png,a_2302
a_2303.png,a_2303
a_2304.png,a_2304
a_2305.png,a_2305
a_2306.png,a_2306
a_2307.png,a_2307
a_2308.png,a_2308
a_2309.png,a_2309
a_2310.png,a_2310
a_2311.png,a_2311
a_2312.png,a_2312
a_2313.png,a_2313
a_2314.png,a_2314
a_2315.png,a_2315
a_2316.png,a_2316
a_2317.png,a_2317
a_2318.png,a_2318
a_2319.png,a_2319
a_2320.png,a_2320
a_2321.png,a_2321
a_2322.png,a_2322
a_2323.png,a_2323
a_2324.png,a_2324
a_2325.png,a_2325
a_2326.png,a_2326
a_2327.png,a_2327
a_2328.png,a_2328
a_2329.png,a_2329
a_2330.png,a_2330
a_2331.png,a_2331
a_2332.png,a_2332
a_2333.png,a_2333
a_2334.png,a_2334
a_2335.png,a_2335
a_2336.png,a_2336
a_2337.png,a_2337
a_2338.png,a_2338
a_2339.png,a_2339
a_2340.png,a_2340
a_2341.png,a_2341
a_2342.png,a_2342
a_2343.png,a_2343
a_2344.png,a_2344
a_2345.png,a_2345
a_2346.png,a_2346
a_2347.png,a_2347
a_2348.png,a_2348
a_2349.png,a_2349
a_2350.png,a_2350
a_2351.png,a_2351
a_2352.png,a_2352
a_2353.png,a_2353
a_2354.png,a_2354
a_2355.png,a_2355
a_2356.png,a_2356
a_2357.png,a_2357
a_2358.png,a_2358
a_2359.png,a_2359
a_2360.png,a_2360
a_2361.png,a_2361
a_2362.png,a_2362
a_2363.png,a_2363
a_2364.png,a_2364
a_2365.png,a_2365
a_2366.png,a_2366
a_2367.png,a_2367
a_2368.png,a_2368
a_2369.png,a_2369
a_2370.png,a_2370
a_2371.png,a_2371
a_2372.png,a_2372
a_2373.png,a_2373
a_2374.png,a_2374
a_2375.png,a_2375
a_2376.png,a_2376
a_2377.png,a_2377
a_2378.png,a_2378
a_2379.png,a_2379
a_2380.png,a_2380
a_2381.png,a_2381
a_2382.png,a_2382
a_2383.png,a_2383
a_2384.png,a_2384
a_2385.png,a_2385
a_2386.png,a_2386
a_2387.png,a_2387
a_2388.png,a_2388
a_2389.png,a_2389
a_2390.png,a_2390
a_2391.png,a_2391
a_2392.png,a_2392
a_2393.png,a_2393
a_2394.png,a_2394
a_2395.png,a_2395
a_2396.png,a_2396
a_2397.png,a_2397
a_2398.png,a_2398
a_2399.png,a_2399
a_2400.png,a_2400
a_2401.png,a_2401
a_2402.png,a_2402
a_2403.png,a_2403
a_2404.png,a_2404
a_2405.png,a_2405
a_2406.png,a_2406
a_2407.png,a_2407
a_2408.png,a_2408
a_2409.png,a_2409
a_2410.png,a_2410
a_2411.png,a_2411
a_2412.png,a_2412
a_2413.png,a_2413
a_2414.png,a_2414
a_2415.png,a_2415
a_2416.png,a_2416
a_2417.png,a_2417
a_2418.png,a_2418
a_2419.png,a_2419
a_2420.png,a_2420
a_2421.png,a_2421
a_2422.png,a_2422
a_2423.png,a_2423
a_2424.png,a_2424
a_2425.png,a_2425
a_2426.png,a_2426
a_2427.png,a_2427
a_2428.png,a_2428
a_2429.png,a_2429
a_2430.png,a_2430
a_2431.png,a_2431
a_2432.png,a_2432
a_2433.png,a_2433
a_2434.png,a_2434
a_2435.png,a_2435
a_2436.png,a_2436
a_2437.png,a_2437
a_2438.png,a_2438
a_2439.png,a_2439
a_2440.png,a_2440
a_2441.png,a_2441
a_2442.png,a_2442
a_2443.png,a_2443
a_2444.png,a_2444
a_2445.png,a_2445
a_2446.png,a_2446
a_2447.png,a_2447
a_2448.png,a_2448
a_2449.png,a_2449
a_2450.png,a_2450
a_2451.png,a_2451
a_2452.png,a_2452
a_2453.png,a_2453
a_2454.png,a_2454
a_2455.png,a_2455
a_2456.png,a_2456
a_2457.png,a_2457
a_2458.png,a_2458
a_2459.png,a_2459
a_2460.png,a_2460
a_2461.png,a_2461
a_2462.png,a_2462
a_2463.png,a_2463
a_2464.png,a_2464
a_2465.png,a_2465
a_2466.png,a_2466
a_2467.png,a_2467
a_2468.png,a_2468
a_2469.png,a_2469
a_2470.png,a_2470
a_2471.png,a_2471
a_2472.png,a_2472
a_2473.png,a_2473
a_2474.png,a_2474
a_2475.png,a_2475
a_2476.png,a_2476
a_2477.png,a_2477
a_2478.png,a_2478
a_2479.png,a_2479
a_2480.png,a_2480
a_2481.png,a_2481
a_2482.png,a_2482
a_2483.png,a_2483
a_2484.png,a_2484
a_2485.png,a_2485
a_2486.png,a_2486
a_2487.png,a_2487
a_2488.png,a_2488
a_2489.png,a_2489
a_2490.png,a_2490
a_2491.png,a_2491
a_2492.png,a_2492
a_2493.png,a_2493
a_2494.png,a_2494
a_2495.png,a_2495
a_2496.png,a_2496
a_2497.png,a_2497
a_2498.png,a_2498
a_2499.png,a_2499
a_2500.png,a_2500
a_2501.png,a_2501
a_2502.png,a_2502
a_2503.png,a_2503
a_2504.png,a_2504
a_2505.png,a_2505
a_2506.png,a_2506
a_2507.png,a_2507
a_2508.png,a_2508
a_2509.png,a_2509
a_2510.png,a_2510
a_2511.png,a_2511
a_2512.png,a_2512
a_2513.png,a_2513
a_2514.png,a_2514
a_2515.png,a_2515
a_2516.png,a_2516
a_2517.png,a_2517
a_2518.png,a_2518
a_2519.png,a_2519
a_2520.png,a_2520
a_2521.png,a_2521
a_2522.png,a_2522
a_2523.png,a_2523
a_2524.png,a_2524
a_2525.png,a_2525
a_2526.png,a_2526
a_2527.png,a_2527
a_2528.png,a_2528
a_2529.png,a_2529
a_2530.png,a_2530
a_2531.png,a_2531
a_2532.png,a_2532
a_2533.png,a_2533
a_2534.png,a_2534
a_2535.png,a_2535
a_2536.png,a_2536
a_2537.png,a_2537
a_2538.png,a_2538
a_2539.png,a_2539
a_2540.png,a_2540
a_2541.png,a_2541
a_2542.png,a_2542
a_2543.png,a_2543
a_2544.png,a_2544
a_2545.png,a_2545
a_2546.png,a_2546
a_2547.png,a_2547
a_2548.png,a_2548
a_2549.png,a_2549
a_2550.png,a_2550
a_2551.png,a_2551
a_2552.png,a_2552
a_2553.png,a_2553
a_2554.png,a_2554
a_2555.png,a_2555
a_2556.png,a_2556
a_2557.png,a_2557
a_2558.png,a_2558
a_2559.png,a_2559
a_2560.png,a_2560
a_2561.png,a_2561
a_2562.png,a_2562
a_2563.png,a_2563
a_2564.png,a_2564
a_2565.png,a_2565
a_2566.png,a_2566
a_2567.png,a_2567
a_2568.png,a_2568
a_2569.png,a_2569
a_2570.png,a_2570
a_2571.png,a_2571
a_2572.png,a_2572
a_2573.png,a_2573
a_2574.png,a_2574
a_2575.png,a_2575
a_2576.png,a_2576
a_2577.png,a_2577
a_2578.png,a_2578
a_2579.png,a_2579
a_2580.png,a_2580
a_2581.png,a_2581
a_2582.png,a_2582
a_2583.png,a_2583
a_2584.png,a_2584
a_2585.png,a_2585
a_2586.png,a_2586
a_2587.png,a_2587
a_2588.png,a_2588
a_2589.png,a_2589
a_2590.png,a_2590
a_2591.png,a_2591
a_2592.png,a_2592
a_2593.png,a_2593
a_2594.png,a_2594
a_2595.png,a_2595
a_2596.png,a_2596
a_2597.png,a_2597
a_2598.png,a_2598
a_2599.png,a_2599
a_2600.png,a_2600
a_2601.png,a_2601
a_2602.png,a_2602
a_2603.png,a_2603
a_2604.png,a_2604
a_2605.png,a_2605
a_2606.png,a_2606
a_2607.png,a_2607
a_2608.png,a_2608
a_2609.png,a_2609
a_2610.png,a_2610
a_2611.png,a_2611
a_2612.png,a_2612
a_2613.png,a_2613
a_2614.png,a_2614
a_2615.png,a_2615
a_2616.png,a_2616
a_2617.png,a_2617
a_2618.png,a_2618
a_2619.png,a_2619
a_2620.png,a_2620
a_2621.png,a_2621
a_2622.png,a_2622
a_2623.png,a_2623
a_2624.png,a_2624
a_2625.png,a_2625
a_2626.png,a_2626
a_2627.png,a_2627
a_2628.png,a_2628
a_2629.png,a_2629
a_2630.png,a_2630
a_2631.png,a_2631
a_2632.png,a_2632
a_2633.png,a_2633
a_2634.png,a_2634
a_2635.png,a_2635
a_2636.png,a_2636
a_2637.png,a_2637
a_2638.png,a_2638
a_2639.png,a_2639
a_2640.png,a_2640
a_2641.png,a_2641
a_2642.png,a_2642
a_2643.png,a_2643
a_2644.png,a_2644
a_2645.png,a_2645
a_2646.png,a_2646
a_2647.png,a_2647
a_2648.png,a_2648
a_2649.png,a_2649
a_2650.png,a_2650
a_2651.png,a_2651
a_2652.png,a_2652
a_2653.png,a_2653
a_2654.png,a_2654
a_2655.png,a_2655
a_2656.png,a_2656
a_2657.png,a_2657
a_2658.png,a_2658
a_2659.png,a_2659
a_2660.png,a_2660
a_2661.png,a_2661
a_2662.png,a_2662
a_2663.png,a_2663
a_2664.png,a_2664
a_2665.png,a_2665
a_2666.png,a_2666
a_2667.png,a_2667
a_2668.png,a_2668
a_2669.png,a_2669
a_2670.png,a_2670
a_2671.png,a_2671
a_2672.png,a_2672
a_2673.png,a_2673
a_2674.png,a_2674
a_2675.png,a_2675
a_2676.png,a_2676
a_2677.png,a_2677
a_2678.png,a_2678
a_2679.png,a_2679
a_2680.png,a_2680
a_2681.png,a_2681
a_2682.png,a_2682
a_2683.png,a_2683
a_2684.png,a_2684
a_2685.png,a_2685
a_2686.png,a_2686
a_2687.png,a_2687
a_2688.png,a_2688
a_2689.png,a_2689
a_2690.png,a_2690
a_2691.png,a_2691
a_2692.png,a_2692
a_2693.png,a_2693
a_2694.png,a_2694
a_2695.png,a_2695
a_2696.png,a_2696
a_2697.png,a_2697
a_2698.png,a_2698
a_2699.png,a_2699
a_2700.png,a_2700
a_2701.png,a_2701
a_2702.png,a_2702
a_2703.png,a_2703
a_2704.png,a_2704
a_2705.png,a_2705
a_2706.png,a_2706
a_2707.png,a_2707
a_2708.png,a_2708
a_2709.png,a_2709
a_2710.png,a_2710
a_2711.png,a_2711
a_2712.png,a_2712
a_2713.png,a_2713
a_2714.png,a_2714
a_2715.png,a_2715
a_2716.png,a_2716
a_2717.png,a_2717
a_2718.png,a_2718
a_2719.png,a_2719
a_2720.png,a_2720
a_2721.png,a_2721
a_2722.png,a_2722
a_2723.png,a_2723
a_2724.png,a_2724
a_2725.png,a_2725
a_2726.png,a_2726
a_2727.png,a_2727
a_2728.png,a_2728
a_2729.png,a_2729
a_2730.png,a_2730
a_2731.png,a_2731
a_2732.png,a_2732
a_2733.png,a_2733
a_2734.png,a_2734
a_2735.png,a_2735
a_2736.png,a_2736
a_2737.png,a_2737
a_2738.png,a_2738
a_2739.png,a_2739
a_2740.png,a_2740
a_2741.png,a_2741
a_2742.png,a_2742
a_2743.png,a_2743
a_2744.png,a_2744
a_2745.png,a_2745
a_2746.png,a_2746
a_2747.png,a_2747
a_2748.png,a_2748
a_2749.png,a_2749
a_2750.png,a_2750
a_2751.png,a_2751
a_2752.png,a_2752
a_2753.png,a_2753
a_2754.png,a_2754
a_2755.png,a_2755
a_2756.png,a_2756
a_2757.png,a_2757
a_2758.png,a_2758
a_2759.png,a_2759
a_2760.png,a_2760
a_2761.png,a_2761
a_2762.png,a_2762
a_2763.png,a_2763
a_2764.png,a_2764
a_2765.png,a_2765
a_2766.png,a_2766
a_2767.png,a_2767
a_2768.png,a_2768
a_2769.png,a_2769
a_2770.png,a_2770
a_2771.png,a_2771
a_2772.png,a_2772
a_2773.png,a_2773
a_2774.png,a_2774
a_2775.png,a_2775
a_2776.png,a_2776
a_2777.png,a_2777
a_2778.png,a_2778
a_2779.png,a_2779
a_2780.png,a_2780
a_2781.png,a_2781
a_2782.png,a_2782
a_2783.png,a_2783
a_2784.png,a_2784
a_2785.png,a_2785
a_2786.png,a_2786
a_2787.png,a_2787
a_2788.png,a_2788
a_2789.png,a_2789
a_2790.png,a_2790
a_2791.png,a_2791
a_2792.png,a_2792
a_2793.png,a_2793
a_2794.png,a_2794
a_2795.png,a_2795
a_2796.png,a_2796
a_2797.png,a_2797
a_2798.png,a_2798
a_2799.png,a_2799
a_2800.png,a_2800
a_2801.png,a_2801
a_2802.png,a_2802
a_2803.png,a_2803
a_2804.png,a_2804
a_2805.png,a_2805
a_2806.png,a_2806
a_2807.png,a_2807
a_2808.png,a_2808
a_2809.png,a_2809
a_2810.png,a_2810
a_2811.png,a_2811
a_2812.png,a_2812
a_2813.png,a_2813
a_2814.png,a_2814
a_2815.png,a_2815
a_2816.png,a_2816
a_2817.png,a_2817
a_2818.png,a_2818
a_2819.png,a_2819
a_2820.png,a_2820
a_2821.png,a_2821
a_2822.png,a_2822
a_2823.png,a_2823
a_2824.png,a_2824
a_2825.png,a_2825
a_2826.png,a_2826
a_2827.png,a_2827
a_2828.png,a_2828
a_2829.png,a_2829
a_2830.png,a_2830
a_2831.png,a_2831
a_2832.png,a_2832
a_2833.png,a_2833
a_2834.png,a_2834
a_2835.png,a_2835
a_2836.png,a_2836
a_2837.png,a_2837
a_2838.png,a_2838
a_2839.png,a_2839
a_2840.png,a_2840
a_2841.png,a_2841
a_2842.png,a_2842
a_2843.png,a_2843
a_2844.png,a_2844
a_2845.png,a_2845
a_2846.png,a_2846
a_2847.png,a_2847
a_2848.png,a_2848
a_2849.png,a_2849
a_2850.png,a_2850
a_2851.png,a_2851
a_2852.png,a_2852
a_2853.png,a_2853
a_2854.png,a_2854
a_2855.png,a_2855
a_2856.png,a_2856
a_2857.png,a_2857
a_2858.png,a_2858
a_2859.png,a_2859
a_2860.png,a_2860
a_2861.png,a_2861
a_2862.png,a_2862
a_2863.png,a_2863
a_2864.png,a_2864
a_2865.png,a_2865
a_2866.png,a_2866
a_2867.png,a_2867
a_2868.png,a_2868
a_2869.png,a_2869
a_2870.png,a_2870
a_2871.png,a_2871
a_2872.png,a_2872
a_2873.png,a_2873
a_2874.png,a_2874
a_2875.png,a_2875
a_2876.png,a_2876
a_2877.png,a_2877
a_2878.png,a_2878
a_2879.png,a_2879
a_2880.png,a_2880
a_2881.png,a_2881
a_2882.png,a_2882
a_2883.png,a_2883
a_2884.png,a_2884
a_2885.png,a_2885
a_2886.png,a_2886
a_2887.png,a_2887
a_2888.png,a_2888
a_2889.png,a_2889
a_2890.png,a_2890
a_2891.png,a_2891
a_2892.png,a_2892
a_2893.png,a_2893
a_2894.png,a_2894
a_2895.png,a_2895
a_2896.png,a_2896
a_2897.png,a_2897
a_2898.png,a_2898
a_2899.png,a_2899
a_2900.png,a_2900
a_2901.png,a_2901
a_2902.png,a_2902
a_2903.png,a_2903
a_2904.png,a_2904
a_2905.png,a_2905
a_2906.png,a_2906
a_2907.png,a_2907
a_2908.png,a_2908
a_2909.png,a_2909
a_2910.png,a_2910
a_2911.png,a_2911
a_2912.png,a_2912
a_2913.png,a_2913
a_2914.png,a_2914
a_2915.png,a_2915
a_2916.png,a_2916
a_2917.png,a_2917
a_2918.png,a_2918
a_2919.png,a_2919
a_2920.png,a_2920
a_2921.png,a_2921
a_2922.png,a_2922
a_2923.png,a_2923
a_2924.png,a_2924
a_2925.png,a_2925
a_2926.png,a_2926
a_2927.png,a_2927
a_2928.png,a_2928
a_2929.png,a_2929
a_2930.png,a_2930
a_2931.png,a_2931
a_2932.png,a_2932
a_2933.png,a_2933
a_2934.png,a_2934
a_2935.png,a_2935
a_2936.png,a_2936
a_2937.png,a_2937
a_2938.png,a_2938
a_2939.png,a_2939
a_2940.png,a_2940
a_2941.png,a_2941
a_2942.png,a_2942
a_2943.png,a_2943
a_2944.png,a_2944
a_2945.png,a_2945
a_2946.png,a_2946
a_2947.png,a_2947
a_2948.png,a_2948
a_2949.png,a_2949
a_2950.png,a_2950
a_2951.png,a_2951
a_2952.png,a_2952
a_2953.png,a_2953
a_2954.png,a_2954
a_2955.png,a_2955
a_2956.png,a_2956
a_2957.png,a_2957
a_2958.png,a_2958
a_2959.png,a_2959
a_2960.png,a_2960
a_2961.png,a_2961
a_2962.png,a_2962
a_2963.png,a_2963
a_2964.png,a_2964
a_2965.png,a_2965
a_2966.png,a_2966
a_2967.png,a_2967
a_2968.png,a_2968
a_2969.png,a_2969
a_2970.png,a_2970
a_2971.png,a_2971
a_2972.png,a_2972
a_2973.png,a_2973
a_2974.png,a_2974
a_2975.png,a_2975
a_2976.png,a_2976
a_2977.png,a_2977
a_2978.png,a_2978
a_2979.png,a_2979
a_2980.png,a_2980
a_2981.png,a_2981
a_2982.png,a_2982
a_2983.png,a_2983
a_2984.png,a_2984
a_2985.png,a_2985
a_2986.png,a_2986
a_2987.png,a_2987
a_2988.png,a_2988
a_2989.png,a_2989
a_2990.png,a_2990
a_2991.png,a_2991
a_2992.png,a_2992
a_2993.png,a_2993
a_2994.png,a_2994
a_2995.png,a_2995
a_2996.png,a_2996
a_2997.png,a_2997
a_2998.png,a_2998
a_2999.png,a_2999
a_3000.png,a_3000
a_3001.png,a_3001
a_3002.png,a_3002
a_3003.png,a_3003
a_3004.png,a_3004
a_3005.png,a_3005
a_3006.png,a_3006
a_3007.png,a_3007
a_3008.png,a_3008
a_3009.png,a_3009
a_3010.png,a_3010
a_3011.png,a_3011
a_3012.png,a_3012
a_3013.png,a_3013
a_3014.png,a_3014
a_3015.png,a_3015
a_3016.png,a_3016
a_3017.png,a_3017
a_3018.png,a_3018
a_3019.png,a_3019
a_3020.png,a_3020
a_3021.png,a_3021
a_3022.png,a_3022
a_3023.png,a_3023
a_3024.png,a_3024
a_3025.png,a_3025
a_3026.png,a_3026
a_3027.png,a_3027
a_3028.png,a_3028
a_3029.png,a_3029
a_3030.png,a_3030
a_3031.png,a_3031
a_3032.png,a_3032
a_3033.png,a_3033
a_3034.png,a_3034
a_3035.png,a_3035
a_3036.png,a_3036
a_3037.png,a_3037
a_3038.png,a_3038
a_3039.png,a_3039
a_3040.png,a_3040
a_3041.png,a_3041
a_3042.png,a_3042
a_3043.png,a_3043
a_3044.png,a_3044
a_3045.png,a_3045
a_3046.png,a_3046
a_3047.png,a_3047
a_3048.png,a_3048
a_3049.png,a_3049
a_3050.png,a_3050
a_3051.png,a_3051
a_3052.png,a_3052
a_3053.png,a_3053
a_3054.png,a_3054
a_3055.png,a_3055
a_3056.png,a_3056
a_3057.png,a_3057
a_3058.png,a_3058
a_3059.png,a_3059
a_3060.png,a_3060
a_3061.png,a_3061
a_3062.png,a_3062
a_3063.png,a_3063
a_3064.png,a_3064
a_3065.png,a_3065
a_3066.png,a_3066
a_3067.png,a_3067
a_3068.png,a_3068
a_3069.png,a_3069
a_3070.png,a_3070
a_3071.png,a_3071
a_3072.png,a_3072
a_3073.png,a_3073
a_3074.png,a_3074
a_3075.png,a_3075
a_3076.png,a_3076
a_3077.png,a_3077
a_3078.png,a_3078
a_3079.png,a_3079
a_3080.png,a_3080
a_3081.png,a_3081
a_3082.png,a_3082
a_3083.png,a_3083
a_3084.png,a_3084
a_3085.png,a_3085
a_3086.png,a_3086
a_3087.png,a_3087
a_3088.png,a_3088
a_3089.png,a_3089
a_3090.png,a_3090
a_3091.png,a_3091
a_3092.png,a_3092
a_3093.png,a_3093
a_3094.png,a_3094
a_3095.png,a_3095
a_3096.png,a_3096
a_3097.png,a_3097
a_3098.png,a_3098
a_3099.png,a_3099
a_3100.png,a_3100
a_3101.png,a_3101
a_3102.png,a_3102
a_3103.png,a_3103
a_3104.png,a_3104
a_3105.png,a_3105
a_3106.png,a_3106
a_3107.png,a_3107
a_3108.png,a_3108
a_3109.png,a_3109
a_3110.png,a_3110
a_3111.png,a_3111
a_3112.png,a_3112
a_3113.png,a_3113
a_3114.png,a_3114
a_3115.png,a_3115
a_3116.png,a_3116
a_3117.png,a_3117
a_3118.png,a_3118
a_3119.png,a_3119
a_3120.png,a_3120
a_3121.png,a_3121
a_3122.png,a_3122
a_3123.png,a_3123
a_3124.png,a_3124
a_3125.png,a_3125
a_3126.png,a_3126
a_3127.png,a_3127
a_3128.png,a_3128
a_3129.png,a_3129
a_3130.png,a_3130
a_3131.png,a_3131
a_3132.png,a_3132
a_3133.png,a_3133
a_3134.png,a_3134
a_3135.png,a_3135
a_3136.png,a_3136
a_3137.png,a_3137
a_3138.png,a_3138
a_3139.png,a_3139
a_3140.png,a_3140
a_3141.png,a_3141
a_3142.png,a_3142
a_3143.png,a_3143
a_3144.png,a_3144
a_3145.png,a_3145
a_3146.png,a_3146
a_3147.png,a_3147
a_3148.png,a_3148
a_3149.png,a_3149
a_3150.png,a_3150
a_3151.png,a_3151
a_3152.png,a_3152
a_3153.png,a_3153
a_3154.png,a_3154
a_3155.png,a_3155
a_3156.png,a_3156
a_3157.png,a_3157
a_3158.png,a_3158
a_3159.png,a_3159
a_3160.png,a_3160
a_3161.png,a_3161
a_3162.png,a_3162
a_3163.png,a_3163
a_3164.png,a_3164
a_3165.png,a_3165
a_3166.png,a_3166
a_3167.png,a_3167
a_3168.png,a_3168
a_3169.png,a_3169
a_3170.png,a_3170
a_3171.png,a_3171
a_3172.png,a_3172
a_3173.png,a_3173
a_3174.png,a_3174
a_3175.png,a_3175
a_3176.png,a_3176
a_3177.png,a_3177
a_3178.png,a_3178
a_3179.png,a_3179
a_3180.png,a_3180
a_3181.png,a_3181
a_3182.png,a_3182
a_3183.png,a_3183
a_3184.png,a_3184
a_3185.png,a_3185
a_3186.png,a_3186
a_3187.png,a_3187
a_3188.png,a_3188
a_3189.png,a_3189
a_3190.png,a_3190
a_3191.png,a_3191
a_3192.png,a_3192
a_3193.png,a_3193
a_3194.png,a_3194
a_3195.png,a_3195
a_3196.png,a_3196
a_3197.png,a_3197
a_3198.png,a_3198
a_3199.png,a_3199
a_3200.png,a_3200
a_3201.png,a_3201
a_3202.png,a_3202
a_3203.png,a_3203
a_3204.png,a_3204
a_3205.png,a_3205
a_3206.png,a_3206
a_3207.png,a_3207
a_3208.png,a_3208
a_3209.png,a_3209
a_3210.png,a_3210
a_3211.png,a_3211
a_3212.png,a_3212
a_3213.png,a_3213
a_3214.png,a_3214
a_3215.png,a_3215
a_3216.png,a_3216
a_3217.png,a_3217
a_3218.png,a_3218
a_3219.png,a_3219
a_3220.png,a_3220
a_3221.png,a_3221
a_3222.png,a_3222
a_3223.png,a_3223
a_3224.png,a_3224
a_3225.png,a_3225
a_3226.png,a_3226
a_3227.png,a_3227
a_3228.png,a_3228
a_3229.png,a_3229
a_3230.png,a_3230
a_3231.png,a_3231
a_3232.png,a_3232
a_3233.png,a_3233
a_3234.png,a_3234
a_3235.png,a_3235
a_3236.png,a_3236
a_3237.png,a_3237
a_3238.png,a_3238
a_3239.png,a_3239
a_3240.png,a_3240
a_3241.png,a_3241
a_3242.png,a_3242
a_3243.png,a_3243
a_3244.png,a_3244
a_3245.png,a_3245
a_3246.png,a_3246
a_3247.png,a_3247
a_3248.png,a_3248
a_3249.png,a_3249
a_3250.png,a_3250
a_3251.png,a_3251
a_3252.png,a_3252
a_3253.png,a_3253
a_3254.png,a_3254
a_3255.png,a_3255
a_3256.png,a_3256
a_3257.png,a_3257
a_3258.png,a_3258
a_3259.png,a_3259
a_3260.png,a_3260
a_3261.png,a_3261
a_3262.png,a_3262
a_3263.png,a_3263
a_3264.png,a_3264
a_3265.png,a_3265
a_3266.png,a_3266
a_3267.png,a_3267
a_3268.png,a_3268
a_3269.png,a_3269
a_3270.png,a_3270
a_3271.png,a_3271
a_3272.png,a_3272
a_3273.png,a_3273
a_3274.png,a_3274
a_3275.png,a_3275
a_3276.png,a_3276
a_3277.png,a_3277
a_3278.png,a_3278
a_3279.png,a_3279
a_3280.png,a_3280
a_3281.png,a_3281
a_3282.png,a_3282
a_3283.png,a_3283
a_3284.png,a_3284
a_3285.png,a_3285
a_3286.png,a_3286
a_3287.png,a_3287
a_3288.png,a_3288
a_3289.png,a_3289
a_3290.png,a_3290
a_3291.png,a_3291
a_3292.png,a_3292
a_3293.png,a_3293
a_3294.png,a_3294
a_3295.png,a_3295
a_3296.png,a_3296
a_3297.png,a_3297
a_3298.png,a_3298
a_3299.png,a_3299
a_3300.png,a_3300
a_3301.png,a_3301
a_3302.png,a_3302
a_3303.png,a_3303
a_3304.png,a_3304
a_3305.png,a_3305
a_3306.png,a_3306
a_3307.png,a_3307
a_3308.png,a_3308
a_3309.png,a_3309
a_3310.png,a_3310
a_3311.png,a_3311
a_3312.png,a_3312
a_3313.png,a_3313
a_3314.png,a_3314
a_3315.png,a_3315
a_3316.png,a_3316
a_3317.png,a_3317
a_3318.png,a_3318
a_3319.png,a_3319
a_3320.png,a_3320
a_3321.png,a_3321
a_3322.png,a_3322
a_3323.png,a_3323
a_3324.png,a_3324
a_3325.png,a_3325
a_3326.png,a_3326
a_3327.png,a_3327
a_3328.png,a_3328
a_3329.png,a_3329
a_3330.png,a_3330
a_3331.png,a_3331
a_3332.png,a_3332
a_3333.png,a_3333
a_3334.png,a_3334
a_3335.png,a_3335
a_3336.png,a_3336
a_3337.png,a_3337
a_3338.png,a_3338
a_3339.png,a_3339
a_3340.png,a_3340
a_3341.png,a_3341
a_3342.png,a_3342
a_3343.png,a_3343
a_3344.png,a_3344
a_3345.png,a_3345
a_3346.png,a_3346
a_3347.png,a_3347
a_3348.png,a_3348
a_3349.png,a_3349
a_3350.png,a_3350
a_3351.png,a_3351
a_3352.png,a_3352
a_3353.png,a_3353
a_3354.png,a_3354
a_3355.png,a_3355
a_3356.png,a_3356
a_3357.png,a_3357
a_3358.png,a_3358
a_3359.png,a_3359
a_3360.png,a_3360
a_3361.png,a_3361
a_3362.png,a_3362
a_3363.png,a_3363
a_3364.png,a_3364
a_3365.png,a_3365
a_3366.png,a_3366
a_3367.png,a_3367
a_3368.png,a_3368
a_3369.png,a_3369
a_3370.png,a_3370
a_3371.png,a_3371
a_3372.png,a_3372
a_3373.png,a_3373
a_3374.png,a_3374
a_3375.png,a_3375
a_3376.png,a_3376
a_3377.png,a_3377
a_3378.png,a_3378
a_3379.png,a_3379
a_3380.png,a_3380
a_3381.png,a_3381
a_3382.png,a_3382
a_3383.png,a_3383
a_3384.png,a_3384
a_3385.png,a_3385
a_3386.png,a_3386
a_3387.png,a_3387
a_3388.png,a_3388
a_3389.png,a_3389
a_3390.png,a_3390
a_3391.png,a_3391
a_3392.png,a_3392
a_3393.png,a_3393
a_3394.png,a_3394
a_3395.png,a_3395
a_3396.png,a_3396
a_3397.png,a_3397
a_3398.png,a_3398
a_3399.png,a_3399
a_3400.png,a_3400
a_3401.png,a_3401
a_3402.png,a_3402
a_3403.png,a_3403
a_3404.png,a_3404
a_3405.png,a_3405
a_3406.png,a_3406
a_3407.png,a_3407
a_3408.png,a_3408
a_3409.png,a_3409
a_3410.png,a_3410
a_3411.png,a_3411
a_3412.png,a_3412
a_3413.png,a_3413
a_3414.png,a_3414
a_3415.png,a_3415
a_3416.png,a_3416
a_3417.png,a_3417
a_3418.png,a_3418
a_3419.png,a_3419
a_3420.png,a_3420
a_3421.png,a_3421
a_3422.png,a_3422
a_3423.png,a_3423
a_3424.png,a_3424
a_3425.png,a_3425
a_3426.png,a_3426
a_3427.png,a_3427
a_3428.png,a_3428
a_3429.png,a_3429
a_3430.png,a_3430
a_3431.png,a_3431
a_3432.png,a_3432
a_3433.png,a_3433
a_3434.png,a_3434
a_3435.png,a_3435
a_3436.png,a_3436
a_3437.png,a_3437
a_3438.png,a_3438
a_3439.png,a_3439
a_3440.png,a_3440
a_3441.png,a_3441
a_3442.png,a_3442
a_3443.png,a_3443
a_3444.png,a_3444
a_3445.png,a_3445
a_3446.png,a_3446
a_3447.png,a_3447
a_3448.png,a_3448
a_3449.png,a_3449
a_3450.png,a_3450
a_3451.png,a_3451
a_3452.png,a_3452
a_3453.png,a_3453
a_3454.png,a_3454
a_3455.png,a_3455
a_3456.png,a_3456
a_3457.png,a_3457
a_3458.png,a_3458
a_3459.png,a_3459
a_3460.png,a_3460
a_3461.png,a_3461
a_3462.png,a_3462
a_3463.png,a_3463
a_3464.png,a_3464
a_3465.png,a_3465
a_3466.png,a_3466
a_3467.png,a_3467
a_3468.png,a_3468
a_3469.png,a_3469
a_3470.png,a_3470
a_3471.png,a_3471
a_3472.png,a_3472
a_3473.png,a_3473
a_3474.png,a_3474
a_3475.png,a_3475
a_3476.png,a_3476
a_3477.png,a_3477
a_3478.png,a_3478
a_3479.png,a_3479
a_3480.png,a_3480
a_3481.png,a_3481
a_3482.png,a_3482
a_3483.png,a_3483
a_3484.png,a_3484
a_3485.png,a_3485
a_3486.png,a_3486
a_3487.png,a_3487
a_3488.png,a_3488
a_3489.png,a_3489
a_3490.png,a_3490
a_3491.png,a_3491
a_3492.png,a_3492
a_3493.png,a_3493
a_3494.png,a_3494
a_3495.png,a_3495
a_3496.png,a_3496
a_3497.png,a_3497
a_3498.png,a_3498
a_3499.png,a_3499
a_3500.png,a_3500
a_3501.png,a_3501
a_3502.png,a_3502
a_3503.png,a_3503
a_3504.png,a_3504
a_3505.png,a_3505
a_3506.png,a_3506
a_3507.png,a_3507
a_3508.png,a_3508
a_3509.png,a_3509
a_3510.png,a_3510
a_3511.png,a_3511
a_3512.png,a_3512
a_3513.png,a_3513
a_3514.png,a_3514
a_3515.png,a_3515
a_3516.png,a_3516
a_3517.png,a_3517
a_3518.png,a_3518
a_3519.png,a_3519
a_3520.png,a_3520
a_3521.png,a_3521
a_3522.png,a_3522
a_3523.png,a_3523
a_3524.png,a_3524
a_3525.png,a_3525
a_3526.png,a_3526
a_3527.png,a_3527
a_3528.png,a_3528
a_3529.png,a_3529
a_3530.png,a_3530
a_3531.png,a_3531
a_3532.png,a_3532
a_3533.png,a_3533
a_3534.png,a_3534
a_3535.png,a_3535
a_3536.png,a_3536
a_3537.png,a_3537
a_3538.png,a_3538
a_3539.png,a_3539
a_3540.png,a_3540
a_3541.png,a_3541
a_3542.png,a_3542
a_3543.png,a_3543
a_3544.png,a_3544
a_3545.png,a_3545
a_3546.png,a_3546
a_3547.png,a_3547
a_3548.png,a_3548
a_3549.png,a_3549
a_3550.png,a_3550
a_3551.png,a_3551
a_3552.png,a_3552
a_3553.png,a_3553
a_3554.png,a_3554
a_3555.png,a_3555
a_3556.png,a_3556
a_3557.png,a_3557
a_3558.png,a_3558
a_3559.png,a_3559
a_3560.png,a_3560
a_3561.png,a_3561
a_3562.png,a_3562
a_3563.png,a_3563
a_3564.png,a_3564
a_3565.png,a_3565
a_3566.png,a_3566
a_3567.png,a_3567
a_3568.png,a_3568
a_3569.png,a_3569
a_3570.png,a_3570
a_3571.png,a_3571
a_3572.png,a_3572
a_3573.png,a_3573
a_3574.png,a_3574
a_3575.png,a_3575
a_3576.png,a_3576
a_3577.png,a_3577
a_3578.png,a_3578
a_3579.png,a_3579
a_3580.png,a_3580
a_3581.png,a_3581
a_3582.png,a_3582
a_3583.png,a_3583
a_3584.png,a_3584
a_3585.png,a_3585
a_3586.png,a_3586
a_3587.png,a_3587
a_3588.png,a_3588
a_3589.png,a_3589
a_3590.png,a_3590
a_3591.png,a_3591
a_3592.png,a_3592
a_3593.png,a_3593
a_3594.png,a_3594
a_3595.png,a_3595
a_3596.png,a_3596
a_3597.png,a_3597
a_3598.png,a_3598
a_3599.png,a_3599
a_3600.png,a_3600
a_3601.png,a_3601
a_3602.png,a_3602
a_3603.png,a_3603
a_3604.png,a_3604
a_3605.png,a_3605
a_3606.png,a_3606
a_3607.png,a_3607
a_3608.png,a_3608
a_3609.png,a_3609
a_3610.png,a_3610
a_3611.png,a_3611
a_3612.png,a_3612
a_3613.png,a_3613
a_3614.png,a_3614
a_3615.png,a_3615
a_3616.png,a_3616
a_3617.png,a_3617
a_3618.png,a_3618
a_3619.png,a_3619
a_3620.png,a_3620
a_3621.png,a_3621
a_3622.png,a_3622
a_3623.png,a_3623
a_3624.png,a_3624
a_3625.png,a_3625
a_3626.png,a_3626
a_3627.png,a_3627
a_3628.png,a_3628
a_3629.png,a_3629
a_3630.png,a_3630
a_3631.png,a_3631
a_3632.png,a_3632
a_3633.png,a_3633
a_3634.png,a_3634
a_3635.png,a_3635
a_3636.png,a_3636
a_3637.png,a_3637
a_3638.png,a_3638
a_3639.png,a_3639
a_3640.png,a_3640
a_3641.png,a_3641
a_3642.png,a_3642
a_3643.png,a_3643
a_3644.png,a_3644
a_3645.png,a_3645
a_3646.png,a_3646
a_3647.png,a_3647
a_3648.png,a_3648
a_3649.png,a_3649
a_3650.png,a_3650
a_3651.png,a_3651
a_3652.png,a_3652
a_3653.png,a_3653
a_3654.png,a_3654
a_3655.png,a_3655
a_3656.png,a_3656
a_3657.png,a_3657
a_3658.png,a_3658
a_3659.png,a_3659
a_3660.png,a_3660
a_3661.png,a_3661
a_3662.png,a_3662
a_3663.png,a_3663
a_3664.png,a_3664
a_3665.png,a_3665
a_3666.png,a_3666
a_3667.png,a_3667
a_3668.png,a_3668
a_3669.png,a_3669
a_3670.png,a_3670
a_3671.png,a_3671
a_3672.png,a_3672
a_3673.png,a_3673
a_3674.png,a_3674
a_3675.png,a_3675
a_3676.png,a_3676
a_3677.png,a_3677
a_3678.png,a_3678
a_3679.png,a_3679
a_3680.png,a_3680
a_3681.png,a_3681
a_3682.png,a_3682
a_3683.png,a_3683
a_3684.png,a_3684
a_3685.png,a_3685
a_3686.png,a_3686
a_3687.png,a_3687
a_3688.png,a_3688
a_3689.png,a_3689
a_3690.png,a_3690
a_3691.png,a_3691
a_3692.png,a_3692
a_3693.png,a_3693
a_3694.png,a_3694
a_3695.png,a_3695
a_3696.png,a_3696
a_3697.png,a_3697
a_3698.png,a_3698
a_3699.png,a_3699
a_3700.png,a_3700
a_3701.png,a_3701
a_3702.png,a_3702
a_3703.png,a_3703
a_3704.png,a_3704
a_3705.png,a_3705
a_3706.png,a_3706
a_3707.png,a_3707
a_3708.png,a_3708
a_3709.png,a_3709
a_3710.png,a_3710
a_3711.png,a_3711
a_3712.png,a_3712
a_3713.png,a_3713
a_3714.png,a_3714
a_3715.png,a_3715
a_3716.png,a_3716
a_3717.png,a_3717
a_3718.png,a_3718
a_3719.png,a_3719
a_3720.png,a_3720
a_3721.png,a_3721
a_3722.png,a_3722
a_3723.png,a_3723
a_3724.png,a_3724
a_3725.png,a_3725
a_3726.png,a_3726
a_3727.png,a_3727
a_3728.png,a_3728
a_3729.png,a_3729
a_3730.png,a_3730
a_3731.png,a_3731
a_3732.png,a_3732
a_3733.png,a_3733
a_3734.png,a_3734
a_3735.png,a_3735
a_3736.png,a_3736
a_3737.png,a_3737
a_3738.png,a_3738
a_3739.png,a_3739
a_3740.png,a_3740
a_3741.png,a_3741
a_3742.png,a_3742
a_3743.png,a_3743
a_3744.png,a_3744
a_3745.png,a_3745
a_3746.png,a_3746
a_3747.png,a_3747
a_3748.png,a_3748
a_3749.png,a_3749
a_3750.png,a_3750
a_3751.png,a_3751
a_3752.png,a_3752
a_3753.png,a_3753
a_3754.png,a_3754
a_3755.png,a_3755
a_3756.png,a_3756
a_3757.png,a_3757
a_3758.png,a_3758
a_3759.png,a_3759
a_3760.png,a_3760
a_3761.png,a_3761
a_3762.png,a_3762
a_3763.png,a_3763
a_3764.png,a_3764
a_3765.png,a_3765
a_3766.png,a_3766
a_3767.png,a_3767
a_3768.png,a_3768
a_3769.png,a_3769
a_3770.png,a_3770
a_3771.png,a_3771
a_3772.png,a_3772
a_3773.png,a_3773
a_3774.png,a_3774
a_3775.png,a_3775
a_3776.png,a_3776
a_3777.png,a_3777
a_3778.png,a_3778
a_3779.png,a_3779
a_3780.png,a_3780
a_3781.png,a_3781
a_3782.png,a_3782
a_3783.png,a_3783
a_3784.png,a_3784
a_3785.png,a_3785
a_3786.png,a_3786
a_3787.png,a_3787
a_3788.png,a_3788
a_3789.png,a_3789
a_3790.png,a_3790
a_3791.png,a_3791
a_3792.png,a_3792
a_3793.png,a_3793
a_3794.png,a_3794
a_3795.png,a_3795
a_3796.png,a_3796
a_3797.png,a_3797
a_3798.png,a_3798
a_3799.png,a_3799
a_3800.png,a_3800
a_3801.png,a_3801
a_3802.png,a_3802
a_3803.png,a_3803
a_3804.png,a_3804
a_3805.png,a_3805
a_3806.png,a_3806
a_3807.png,a_3807
a_3808.png,a_3808
a_3809.png,a_3809
a_3810.png,a_3810
a_3811.png,a_3811
a_3812.png,a_3812
a_3813.png,a_3813
a_3814.png,a_3814
a_3815.png,a_3815
a_3816.png,a_3816
a_3817.png,a_3817
a_3818.png,a_3818
a_3819.png,a_3819
a_3820.png,a_3820
a_3821.png,a_3821
a_3822.png,a_3822
a_3823.png,a_3823
a_3824.png,a_3824
a_3825.png,a_3825
a_3826.png,a_3826
a_3827.png,a_3827
a_3828.png,a_3828
a_3829.png,a_3829
a_3830.png,a_3830
a_3831.png,a_3831
a_3832.png,a_3832
a_3833.png,a_3833
a_3834.png,a_3834
a_3835.png,a_3835
a_3836.png,a_3836
a_3837.png,a_3837
a_3838.png,a_3838
a_3839.png,a_3839
a_3840.png,a_3840
a_3841.png,a_3841
a_3842.png,a_3842
a_3843.png,a_3843
a_3844.png,a_3844
a_3845.png,a_3845
a_3846.png,a_3846
a_3847.png,a_3847
a_3848.png,a_3848
a_3849.png,a_3849
a_3850.png,a_3850
a_3851.png,a_3851
a_3852.png,a_3852
a_3853.png,a_3853
a_3854.png,a_3854
a_3855.png,a_3855
a_3856.png,a_3856
a_3857.png,a_3857
a_3858.png,a_3858
a_3859.png,a_3859
a_3860.png,a_3860
a_3861.png,a_3861
a_3862.png,a_3862
a_3863.png,a_3863
a_3864.png,a_3864
a_3865.png,a_3865
a_3866.png,a_3866
a_3867.png,a_3867
a_3868.png,a_3868
a_3869.png,a_3869
a_3870.png,a_3870
a_3871.png,a_3871
a_3872.png,a_3872
a_3873.png,a_3873
a_3874.png,a_3874
a_3875.png,a_3875
a_3876.png,a_3876
a_3877.png,a_3877
a_3878.png,a_3878
a_3879.png,a_3879
a_3880.png,a_3880
a_3881.png,a_3881
a_3882.png,a_3882
a_3883.png,a_3883
a_3884.png,a_3884
a_3885.png,a_3885
a_3886.png,a_3886
a_3887.png,a_3887
a_3888.png,a_3888
a_3889.png,a_3889
a_3890.png,a_3890
a_3891.png,a_3891
a_3892.png,a_3892
a_3893.png,a_3893
a_3894.png,a_3894
a_3895.png,a_3895
a_3896.png,a_3896
a_3897.png,a_3897
a_3898.png,a_3898
a_3899.png,a_3899
a_3900.png,a_3900
a_3901.png,a_3901
a_3902.png,a_3902
a_3903.png,a_3903
a_3904.png,a_3904
a_3905.png,a_3905
a_3906.png,a_3906
a_3907.png,a_3907
a_3908.png,a_3908
a_3909.png,a_3909
a_3910.png,a_3910
a_3911.png,a_3911
a_3912.png,a_3912
a_3913.png,a_3913
a_3914.png,a_3914
a_3915.png,a_3915
a_3916.png,a_3916
a_3917.png,a_3917
a_3918.png,a_3918
a_3919.png,a_3919
a_3920.png,a_3920
a_3921.png,a_3921
a_3922.png,a_3922
a_3923.png,a_3923
a_3924.png,a_3924
a_3925.png,a_3925
a_3926.png,a_3926
a_3927.png,a_3927
a_3928.png,a_3928
a_3929.png,a_3929
a_3930.png,a_3930
a_3931.png,a_3931
a_3932.png,a_3932
a_3933.png,a_3933
a_3934.png,a_3934
a_3935.png,a_3935
a_3936.png,a_3936
a_3937.png,a_3937
a_3938.png,a_3938
a_3939.png,a_3939
a_3940.png,a_3940
a_3941.png,a_3941
a_3942.png,a_3942
a_3943.png,a_3943
a_3944.png,a_3944
a_3945.png,a_3945
a_3946.png,a_3946
a_3947.png,a_3947
a_3948.png,a_3948
a_3949.png,a_3949
a_3950.png,a_3950
a_3951.png,a_3951
a_3952.png,a_3952
a_3953.png,a_3953
a_3954.png,a_3954
a_3955.png,a_3955
a_3956.png,a_3956
a_3957.png,a_3957
a_3958.png,a_3958
a_3959.png,a_3959
a_3960.png,a_3960
a_3961.png,a_3961
a_3962.png,a_3962
a_3963.png,a_3963
a_3964.png,a_3964
a_3965.png,a_3965
a_3966.png,a_3966
a_3967.png,a_3967
a_3968.png,a_3968
a_3969.png,a_3969
a_3970.png,a_3970
a_3971.png,a_3971
a_3972.png,a_3972
a_3973.png,a_3973
a_3974.png,a_3974
a_3975.png,a_3975
a_3976.png,a_3976
a_3977.png,a_3977
a_3978.png,a_3978
a_3979.png,a_3979
a_3980.png,a_3980
a_3981.png,a_3981
a_3982.png,a_3982
a_3983.png,a_3983
a_3984.png,a_3984
a_3985.png,a_3985
a_3986.png,a_3986
a_3987.png,a_3987
a_3988.png,a_3988
a_3989.png,a_3989
a_3990.png,a_3990
a_3991.png,a_3991
a_3992.png,a_3992
a_3993.png,a_3993
a_3994.png,a_3994
a_3995.png,a_3995
a_3996.png,a_3996
a_3997.png,a_3997
a_3998.png,a_3998
a_3999.png,a_3999
a_4000.png,a_4000
a_4001.png,a_4001
a_4002.png,a_4002
a_4003.png,a_4003
a_4004.png,a_4004
a_4005.png,a_4005
a_4006.png,a_4006
a_4007.png,a_4007
a_4008.png,a_4008
a_4009.png,a_4009
a_4010.png,a_4010
a_4011.png,a_4011
a_4012.png,a_4012
a_4013.png,a_4013
a_4014.png,a_4014
a_4015.png,a_4015
a_4016.png,a_4016
a_4017.png,a_4017
a_4018.png,a_4018
a_4019.png,a_4019
a_4020.png,a_4020
a_4021.png,a_4021
a_4022.png,a_4022
a_4023.png,a_4023
a_4024.png,a_4024
a_4025.png,a_4025
a_4026.png,a_4026
a_4027.png,a_4027
a_4028.png,a_4028
a_4029.png,a_4029
a_4030.png,a_4030
a_4031.png,a_4031
a_4032.png,a_4032
a_4033.png,a_4033
a_4034.png,a_4034
a_4035.png,a_4035
a_4036.png,a_4036
a_4037.png,a_4037
a_4038.png,a_4038
a_4039.png,a_4039
a_4040.png,a_4040
a_4041.png,a_4041
a_4042.png,a_4042
a_4043.png,a_4043
a_4044.png,a_4044
a_4045.png,a_4045
a_4046.png,a_4046
a_4047.png,a_4047
a_4048.png,a_4048
a_4049.png,a_4049
a_4050.png,a_4050
a_4051.png,a_4051
a_4052.png,a_4052
a_4053.png,a_4053
a_4054.png,a_4054
a_4055.png,a_4055
a_4056.png,a_4056
a_4057.png,a_4057
a_4058.png,a_4058
a_4059.png,a_4059
a_4060.png,a_4060
a_4061.png,a_4061
a_4062.png,a_4062
a_4063.png,a_4063
a_4064.png,a_4064
a_4065.png,a_4065
a_4066.png,a_4066
a_4067.png,a_4067
a_4068.png,a_4068
a_4069.png,a_4069
a_4070.png,a_4070
a_4071.png,a_4071
a_4072.png,a_4072
a_4073.png,a_4073
a_4074.png,a_4074
a_4075.png,a_4075
a_4076.png,a_4076
a_4077.png,a_4077
a_4078.png,a_4078
a_4079.png,a_4079
a_4080.png,a_4080
a_4081.png,a_4081
a_4082.png,a_4082
a_4083.png,a_4083
a_4084.png,a_4084
a_4085.png,a_4085
a_4086.png,a_4086
a_4087.png,a_4087
a_4088.png,a_4088
a_4089.png,a_4089
a_4090.png,a_4090
a_4091.png,a_4091
a_4092.png,a_4092
a_4093.png,a_4093
a_4094.png,a_4094
a_4095.png,a_4095
a_4096.png,a_4096
a_4097.png,a_4097
a_4098.png,a_4098
a_4099.png,a_4099
a_4100.png,a_4100
a_4101.png,a_4101
a_4102.png,a_4102
a_4103.png,a_4103
a_4104.png,a_4104
a_4105.png,a_4105
a_4106.png,a_4106
a_4107.png,a_4107
a_4108.png,a_4108
a_4109.png,a_4109
a_4110.png,a_4110
a_4111.png,a_4111
a_4112.png,a_4112
a_4113.png,a_4113
a_4114.png,a_4114
a_4115.png,a_4115
a_4116.png,a_4116
a_4117.png,a_4117
a_4118.png,a_4118
a_4119.png,a_4119
a_4120.png,a_4120
a_4121.png,a_4121
a_4122.png,a_4122
a_4123.png,a_4123
a_4124.png,a_4124
a_4125.png,a_4125
a_4126.png,a_4126
a_4127.png,a_4127
a_4128.png,a_4128
a_4129.png,a_4129
a_4130.png,a_4130
a_4131.png,a_4131
a_4132.png,a_4132
a_4133.png,a_4133
a_4134.png,a_4134
a_4135.png,a_4135
a_4136.png,a_4136
a_4137.png,a_4137
a_4138.png,a_4138
a_4139.png,a_4139
a_4140.png,a_4140
a_4141.png,a_4141
a_4142.png,a_4142
a_4143.png,a_4143
a_4144.png,a_4144
a_4145.png,a_4145
a_4146.png,a_4146
a_4147.png,a_4147
a_4148.png,a_4148
a_4149.png,a_4149
a_4150.png,a_4150
a_4151.png,a_4151
a_4152.png,a_4152
a_4153.png,a_4153
a_4154.png,a_4154
a_4155.png,a_4155
a_4156.png,a_4156
a_4157.png,a_4157
a_4158.png,a_4158
a_4159.png,a_4159
a_4160.png,a_4160
a_4161.png,a_4161
a_4162.png,a_4162
a_4163.png,a_4163
a_4164.png,a_4164
a_4165.png,a_4165
a_4166.png,a_4166
a_4167.png,a_4167
a_4168.png,a_4168
a_4169.png,a_4169
a_4170.png,a_4170
a_4171.png,a_4171
a_4172.png,a_4172
a_4173.png,a_4173
a_4174.png,a_4174
a_4175.png,a_4175
a_4176.png,a_4176
a_4177.png,a_4177
a_4178.png,a_4178
a_4179.png,a_4179
a_4180.png,a_4180
a_4181.png,a_4181
a_4182.png,a_4182
a_4183.png,a_4183
a_4184.png,a_4184
a_4185.png,a_4185
a_4186.png,a_4186
a_4187.png,a_4187
a_4188.png,a_4188
a_4189.png,a_4189
a_4190.png,a_4190
a_4191.png,a_4191
a_4192.png,a_4192
a_4193.png,a_4193
a_4194.png,a_4194
a_4195.png,a_4195
a_4196.png,a_4196
a_4197.png,a_4197
a_4198.png,a_4198
a_4199.png,a_4199
a_4200.png,a_4200
a_4201.png,a_4201
a_4202.png,a_4202
a_4203.png,a_4203
a_4204.png,a_4204
a_4205.png,a_4205
a_4206.png,a_4206
a_4207.png,a_4207
a_4208.png,a_4208
a_4209.png,a_4209
a_4210.png,a_4210
a_4211.png,a_4211
a_4212.png,a_4212
a_4213.png,a_4213
a_4214.png,a_4214
a_4215.png,a_4215
a_4216.png,a_4216
a_4217.png,a_4217
a_4218.png,a_4218
a_4219.png,a_4219
a_4220.png,a_4220
a_4221.png,a_4221
a_4222.png,a_4222
a_4223.png,a_4223
a_4224.png,a_4224
a_4225.png,a_4225
